NP,7.516
TB,3.875
BT,5.75
TB,13.422
NP,11.5
BT,3.453
TB,12.469
AC,14.89
BT,3.078
NP,3.344
IE,5.843
OM,6.329
AC,2.906
IE,4.0
TB,3.375
BT,2.906
NP,3.218
TH,5.938
IE,3.703
AC,2.64
TB,2.829
EV,5.968
OM,4.375
BT,3.156
NP,3.344
DR,3.719
TH,4.578
EV,3.188
AC,2.078
IE,5.125
OM,3.172
FN,17.031
EV,2.531
CW,18.172
JL,16.109
DR,3.188
TH,4.64
IE,4.25
AC,2.656
CW,3.235
HG,5.984
EV,2.625
RJ,15.984
FN,8.984
JL,5.016
DR,2.907
OM,3.125
TH,4.688
HG,5.969
IX,7.0
JL,3.766
RJ,15.155999999999999
FN,5.61
PQ,8.234
CW,3.0
DR,2.75
EV,2.891
OM,2.89
VF,21.828
HG,5.687
XI,16.922
IX,15.905999999999999
PQ,6.328
FN,4.438
RJ,6.234
PI,4.281
WV,7.828
JL,4.344
XL,11.859
TH,4.782
CW,2.562
DR,2.547
FN,4.563
XL,3.812
VF,6.047
IX,5.641
XI,2.984
PQ,4.234
WV,3.703
RJ,6.062
PI,4.735
HG,3.984
JL,3.907
CW,2.86
XL,6.875
RJ,4.0
XI,15.047
VF,5.969
IX,4.172
WV,4.813
PI,2.797
PQ,4.203
SO,6.407
HG,4.266
MO,3.281
MT,4.921
TS,11.594
XL,3.875
WV,19.031
QD,29.031
TS,6.625
XI,7.516
VF,26.297
NI,3.375
MO,3.578
SO,5.531
PI,3.187
MT,5.656
PQ,4.531
XL,4.375
IX,3.375
SO,6.109
XS,9.14
NI,4.031
WV,4.64
QJ,21.547
XI,3.187
QD,4.5
MT,4.453
MO,2.594
VP,14.0
 ,7.937
TS,3.579
VF,7.219
PI,3.312
TC,9.078
RA,4.422
VP,8.797
IE,15.235
XS,5.422
NI,5.297
IJ,4.421
QJ,18.016
MO,3.0
MT,5.484
SO,5.688
QD,3.609
 ,1.641
TC,4.25
TS,3.828
XS,3.641
RA,3.359
QJ,10.64
NI,2.469
IJ,3.391
VP,6.25
QD,3.156
MO,2.812
MT,6.063
SO,4.89
TC,5.188
RA,2.578
IJ,3.672
VP,4.985
XS,4.156
TS,3.765
QD,3.484
QJ,6.047
NI,3.453
TC,3.281
MD,5.375
CE,18.453
VF,7.203
MS,7.093
RA,2.563
IJ,3.125
RM,24.485
VP,5.422
XS,4.64
QJ,5.906
 ,1.5
MD,5.0
RM,6.875
CE,6.047
RA,2.844
MS,5.625
JN,6.922
TC,3.0
IJ,2.797
CE,4.312
JN,4.078
RM,4.75
LC,5.406
MD,3.875
JC,4.297
MS,6.609
NS,4.015
LC,5.984
RM,3.953
 ,1.672
JC,4.266
JN,4.313
PX,9.797
MD,5.094
CE,3.89
GP,17.313
 ,2.203
LC,5.157
NP,4.672
NS,6.047
JN,3.532
PX,5.922
MS,3.297
RM,5.672
JC,4.203
MD,4.25
CE,3.016
 ,1.469
ID,4.937
GP,6.547
GP,6.547
ID,3.781
NI,2.812
AR,2.828
IH,3.515
AR,3.906
IH,3.032
XL,4.593
XI,4.391
RM,3.468
AV,3.953
IE,4.375
AV,3.625
MS,4.484
QM,14.530999999999999
VL,15.078
QM,3.265
VL,6.14
CE,3.688
AC,5.578
MF,7.282
GC,19.984
MF,3.984
GC,4.266
DQ,17.25
JS,9.844
 ,1.641
DQ,4.562
JS,3.266
MV,4.938
WH,19.422
CH,5.469
MV,4.156
JD,12.953
TL,7.234
WO,6.828
CH,6.828
WH,5.688
TE,20.782
TL,5.234
JD,3.906
WO,4.984
TE,7.609
BT,3.438
XI,3.859
IR,11.047
PB,12.39
IR,4.031
PB,5.734
GV,7.75
TM,4.719
QW,10.906
GV,5.281
TM,5.86
QW,6.61
 ,5.5
BJ,2.766
 ,4.954
BJ,2.563
VF,8.438
TS,4.141
QM,3.984
GC,7.484
VP,10.547
JD,4.735
 ,3.063
NM,3.031
 ,1.469
NM,2.688
VL,7.891
VM,6.188
DV,4.266
VM,4.813
BH,8.922
XO,11.234
DV,3.829
 ,2.125
RA,4.078
XO,5.031
BH,5.594
GF,6.203
 ,1.797
GF,3.86
OM,2.906
CJ,4.875
IW,20.734
ML,6.313
SV,4.469
IW,4.593
ML,4.578
CJ,4.141
SV,5.578
JD,3.516
FA,4.203
SB,12.609
FA,3.75
GB,22.688000000000002
SB,4.312
GB,5.578
VL,9.313
RS,5.828
OJ,9.5
RS,4.797
OJ,6.39
VP,6.39
JD,4.781
DS,7.531
NP,3.922
WI,15.75
DS,4.547
WI,3.313
PT,5.36
 ,1.157
NG,10.922
PT,4.0
PS,7.281
NG,6.156
PS,4.469
OB,12.828
IO,3.812
IO,3.812
OB,5.719
CG,7.469
XF,8.078
CG,6.187
XF,5.938
DN,7.641
WC,11.843
DN,5.906
WC,2.547
NS,4.906
VF,13.765
CR,5.0
HN,18.422
CR,3.844
MP,3.625
HN,4.844
ON,4.031
MP,2.75
ON,3.204
VF,4.484
VL,6.938
OC,21.421
TH,5.328
OC,5.125
QD,14.875
ON,3.61
MG,20.578
SO,6.641
QJ,9.5
MG,4.344
TM,7.203
SB,6.812
XS,5.954
EH,4.187
TL,5.531
EH,3.344
XC,5.797
SB,3.641
XC,6.375
BT,3.14
TL,4.969
NI,2.782
SN,5.61
QD,5.968
SN,3.75
NO,4.313
BS,9.063
NO,3.375
BS,5.469
NO,4.172
LH,6.703
FJ,6.735
GF,6.141
IE,4.703
FJ,3.563
LH,5.063
NQ,4.641
WC,3.437
RX,6.61
NQ,4.219
RX,3.313
NS,6.0
WE,9.094
RF,7.906
WE,4.437
RF,4.485
TB,3.297
EC,15.594000000000001
OX,17.75
VA,4.0
OX,5.812
EC,3.938
WH,8.734
VA,2.937
HG,3.781
TE,7.719
XM,7.594
TE,5.031
XM,4.718
DN,7.0
XI,3.485
CG,7.766
SO,5.36
LN,22.75
DO,26.516
LN,9.797
DO,5.641
NE,7.75
VE,6.265
NE,8.828
MR,7.313
VE,4.5
MR,3.797
DO,3.797
OB,9.843
OJ,21.407
HL,7.109
BG,8.25
HL,6.062
DS,7.172
BG,5.672
RV,15.405999999999999
HS,5.953
RV,6.61
TE,6.688
HS,5.125
XT,24.219
NS,3.781
XT,5.844
GR,7.25
RO,12.25
CH,5.593
GR,12.797
RO,5.484
QJ,7.485
SE,5.844
EW,6.656
SE,6.0
PW,8.484
EW,4.235
CW,5.016
PW,5.671
XC,4.907
FS,11.016
RI,5.75
FS,3.812
RI,3.734
FH,5.156
NC,4.907
FH,3.719
SX,5.438
FN,7.609
NC,3.969
CR,8.14
VH,6.937
SX,4.328
VH,4.672
OX,5.078
RE,6.406
DJ,5.0
RE,4.297
DJ,4.031
CW,2.688
GP,7.094
XI,3.969
LC,5.297
BS,6.391
GF,5.25
NQ,3.437
HX,6.704
SH,4.719
MI,3.625
VX,16.36
WH,5.937
LP,6.516
LP,6.516
SH,4.922
VX,5.578
MI,2.937
HX,5.36
CE,5.953
MR,5.11
RW,7.657
DC,6.156
RW,4.094
SX,6.047
AP,5.531
DC,7.219
TP,5.078
GC,8.078
TP,3.641
AP,5.656
EQ,13.047
OT,17.344
EQ,3.219
OT,6.328
JS,5.859
FN,17.578
OT,5.078
AN,3.219
GQ,7.0
HQ,4.907
GQ,4.797
AN,2.922
HQ,3.891
AV,3.453
QW,6.437
DT,4.188
RE,6.11
DT,3.985
PM,3.938
QM,15.532
PM,2.953
HO,21.281
AX,3.641
HO,6.875
AX,2.984
EM,4.907
LT,5.985
EM,2.531
VQ,9.735
LT,4.219
 ,6.203
HD,11.921
VQ,13.875
BC,3.781
 ,2.047
HD,4.875
AC,3.453
BC,3.266
PN,4.64
CO,8.844
VA,3.718
WX,6.453
PN,2.828
CO,5.641
WX,3.25
IN,3.766
OT,5.156
CR,5.406
IN,2.485
VF,15.094000000000001
BG,31.469
IX,4.375
LC,5.203
RS,4.297
XT,14.530999999999999
CL,4.672
DS,5.938
XP,5.938
CL,3.875
XP,4.375
CJ,3.281
ET,5.313
GT,19.203
CX,5.578
ET,5.953
GT,15.891
CX,3.406
CB,4.89
HE,5.016
CB,3.219
HE,4.282
TI,6.109
EH,4.516
TI,4.172
QT,5.156
MN,2.953
QT,3.187
MN,2.547
OI,4.219
HL,7.438
OI,3.485
 ,2.625
IB,5.343
 ,1.781
IB,3.109
EW,8.484
HS,5.031
NP,3.609
HW,6.64
XJ,15.797
HW,5.953
JG,18.657
XJ,8.859
JG,5.969
OW,21.578
GN,12.204
OW,6.625
GN,6.578
OR,5.953
HW,13.922
BQ,15.593
OR,6.0
TO,11.266
DA,6.156
BQ,7.187
LO,22.39
DA,3.672
TO,3.719
LO,5.062
BQ,3.5
ON,4.25
PB,6.922
BV,3.828
PT,6.687
BV,3.594
HQ,7.469
VL,5.047
 ,2.796
QJ,8.359
AX,3.609
 ,2.235
IB,3.219
 ,2.906
HD,6.282
HN,6.328
EB,5.531
RD,5.313
EB,5.14
VJ,5.609
RD,2.766
AM,5.297
VJ,5.25
NE,5.953
EN,5.0
BC,3.047
AM,6.219
NF,12.329
EN,3.469
 ,2.985
NF,17.359
CX,4.594
PA,5.172
ND,5.922
PA,3.688
JS,5.312
DL,7.328
SO,4.844
DL,5.812
 ,2.219
ND,5.813
EG,4.891
OJ,4.672
WE,6.078
 ,1.625
EG,4.203
RF,5.578
LO,5.266
IR,4.609
 ,3.219
MR,5.469
MG,7.047
OP,3.453
WI,5.156
 ,1.891
OP,6.14
TO,3.875
GW,7.109
IR,3.391
WP,12.359
GW,3.921
DP,10.438
IS,8.25
WP,5.297
DP,4.031
FO,7.031
IS,4.0
WP,4.703
FO,4.906
QO,4.031
 ,2.906
IL,3.61
QO,4.547
IL,3.031
 ,1.422
IR,6.641
FA,18.188000000000002
OX,9.953
HM,6.25
HM,6.25
DQ,6.578
DQ,6.578
NJ,6.14
MO,3.968
NJ,7.953
PX,12.062
PX,12.062
QE,17.047
TA,3.656
TA,3.656
QE,10.547
VF,5.516
RO,4.875
AO,14.859
GW,17.313
AH,3.485
PI,3.094
AO,4.969
AH,3.062
XO,5.64
VH,8.0
AL,3.157
LX,4.516
XC,4.953
IQ,6.469
LX,3.75
DI,4.813
AL,2.562
IQ,3.609
DI,3.547
FM,5.875
XM,8.625
CB,3.532
FM,3.828
JS,7.14
WH,6.563
FG,3.234
FO,9.625
SJ,6.172
HJ,16.594
GC,10.937
FG,3.484
SJ,6.594
 ,3.921
HJ,15.0
 ,1.89
BS,10.968
BC,2.906
DQ,21.64
AW,7.406
IE,3.719
AH,3.906
AW,2.719
MC,16.328
 ,2.75
MC,3.281
 ,1.078
XV,15.421
FO,5.906
XV,4.609
JN,4.094
SV,6.89
SF,5.531
NF,6.25
NF,6.25
SF,4.812
AD,5.047
WJ,5.563
IT,4.562
EB,6.89
AD,3.656
LO,7.672
AH,3.234
AD,6.422
WJ,3.219
HI,3.438
IT,2.937
OJ,5.766
QC,10.032
 ,3.14
HI,2.594
QC,4.328
BX,4.781
 ,1.11
BX,2.782
TV,4.234
JB,5.734
TV,3.187
BP,8.094
JB,7.0
GA,6.703
 ,1.718
NH,6.125
BP,4.344
 ,1.172
GA,7.578
IB,3.625
LE,7.531
NH,7.515
FO,5.406
LE,4.562
TS,3.734
BH,7.125
PN,3.75
TR,19.218
QN,5.078
MW,13.016
QO,4.125
AE,14.703
QV,19.688000000000002
MP,4.0
NW,6.141
MW,4.047
BA,3.578
QN,3.032
DO,19.311999999999998
HN,19.266
ME,2.954
AE,5.5
OW,19.484
JD,3.61
JA,4.516
QV,18.922
EL,6.625
JA,3.078
FS,6.688
RJ,12.328
BL,4.219
EL,4.922
HN,11.688
WH,6.14
WM,4.797
ME,2.578
RI,6.734
EV,6.141
OC,18.484
GC,13.156
RP,4.922
NW,6.047
IW,9.875
VB,2.985
WM,10.765
 ,2.5
MG,8.062
SG,5.141
RP,4.188
NI,4.281
MV,5.875
MC,9.703
HQ,5.469
RW,3.89
MH,6.984
BA,4.047
HS,3.75
RE,5.484
WE,5.984
WP,15.719000000000001
VX,20.656
GS,6.953
BL,3.578
QM,17.0
FH,3.703
BJ,3.062
MS,9.14
CG,9.063
BT,3.594
VQ,18.234
TW,6.796
GS,4.563
FG,3.171
IW,7.344
HJ,18.936999999999998
OB,7.359
DG,15.405999999999999
MH,7.375
GM,4.047
TW,3.593
MC,5.359
SJ,5.422
TL,7.484
IP,4.016
TR,11.532
QE,15.985
SA,4.609
SG,5.281
BG,29.625
WJ,6.578
BQ,18.311999999999998
BS,6.031
GJ,7.563
DG,32.5
TL,4.266
 ,2.718
OH,13.922
SA,4.079
OH,4.421
PQ,5.406
JW,3.422
DP,6.86
VB,3.735
 ,1.437
PX,7.906
HN,9.093
PC,8.984
IP,3.11
NI,2.843
 ,4.765
XJ,17.406
JW,4.438
LI,4.266
IG,3.468
GM,5.297
GJ,17.844
PH,17.843
 ,2.078
WG,16.75
OM,2.953
PH,8.859
GB,9.125
BQ,9.047
PL,6.859
PC,6.14
DG,24.25
MT,4.859
DI,5.375
TW,4.063
XW,13.922
PL,5.563
GF,4.032
EA,4.203
XW,3.672
XJ,8.016
HN,7.75
QE,8.125
BH,8.829
IA,6.25
OC,9.312
 ,1.719
NV,6.14
CA,5.859
EA,5.36
CA,2.969
QJ,18.156
LA,2.5
IA,3.922
XW,4.828
TV,4.25
SJ,4.672
MG,3.797
PE,11.359
LI,4.391
VW,4.391
IG,3.484
MG,3.734
DT,3.844
QB,14.453
DC,4.828
 ,3.219
PE,5.75
TS,3.75
WF,6.813
LA,2.672
DA,5.063
WR,4.141
VW,5.015
RA,5.0
WA,18.5
WG,7.547
LN,19.5
IX,3.875
NF,18.094
SV,5.312
CT,6.734
WF,5.438
JX,16.969
JO,5.828
FV,7.625
QW,9.0
QC,5.516
GB,9.157
NV,5.594
ON,4.063
WR,3.938
PO,3.61
WA,4.797
CT,3.5
GJ,9.453
OM,3.781
PS,5.532
QI,7.969
JX,4.391
BG,6.719
OC,9.109
RJ,7.765
WV,4.047
XH,5.578
JO,6.281
RC,5.438
FV,6.25
OD,18.094
XH,7.109
EM,2.797
LD,3.625
RC,4.078
OL,6.343
QI,6.875
TP,3.922
PX,6.796
RM,5.766
QX,11.125
PO,2.984
LA,2.906
JG,20.811999999999998
LM,6.25
OB,4.719
BV,4.157
 ,5.61
EN,5.438
AE,5.079
HO,7.282
LP,6.547
LT,8.343
PB,9.203
OT,6.234
SH,4.797
MH,4.39
 ,2.406
BX,7.921
IF,4.968
AJ,4.047
DN,8.391
FV,6.172
JC,4.406
BP,5.078
LH,7.765
VH,5.86
EB,3.844
AO,4.078
WE,6.547
XO,5.875
GV,12.688
IV,3.61
AR,2.797
 ,3.016
SN,6.531
HA,5.172
RD,3.515
CB,5.375
GA,5.329
WO,6.39
SX,5.422
ET,8.14
SE,4.171
PA,4.937
HX,8.719
IO,2.765
AN,5.359
LX,4.282
PR,19.438000000000002
NM,2.984
 ,3.343
MI,2.593
TG,8.109
HM,4.969
LR,4.313
VA,3.64
SB,4.204
GR,6.968
OF,5.531
WC,2.64
XF,6.812
IH,3.421
ML,9.328
FJ,9.328
AP,4.141
GT,6.313
GT,6.313
 ,7.64
MV,5.078
NE,5.859
LS,6.765
VE,4.297
QN,3.766
OR,7.313
NC,4.828
 ,2.672
XP,5.281
AV,3.0
AV,3.0
PT,4.734
VJ,4.922
IQ,8.875
ND,9.922
OP,3.812
MW,4.141
MW,4.141
 ,2.219
IB,3.14
IE,3.531
IR,5.047
RV,9.953
RV,9.953
GO,15.297
EC,13.25
ID,23.25
PN,4.062
PN,4.062
WA,3.594
IN,2.797
IT,7.234
CJ,3.922
DS,5.75
FA,4.453
CL,3.671
QV,6.516
CO,15.5
RG,8.187
RG,8.187
HW,5.094
AL,3.14
GD,16.563
AM,2.922
AM,2.922
DJ,4.329
 ,3.828
 ,3.828
DL,3.375
XI,4.594
XI,4.594
HQ,4.422
QB,12.391
TA,4.437
TW,14.875
HJ,17.468
PB,8.313
RX,4.25
VI,5.609
HE,3.422
 ,14.047
JW,5.985
DV,5.109
HL,8.093
RF,6.313
EG,3.562
GE,2.969
ME,7.797
AW,12.109
XT,14.328
LT,7.0
TI,5.844
MA,12.969
EQ,11.89
DA,4.86
BD,6.39
MF,4.094
MN,2.515
BE,2.438
VX,12.594
VE,6.391
IL,4.797
LX,4.328
GP,13.406
WM,5.031
IS,12.204
CA,6.031
WQ,8.547
FX,14.078
LM,9.328
QT,16.172
HB,10.406
ER,7.313
NO,3.656
PM,2.734
QO,3.532
SO,6.172
NV,13.312
RO,7.344
XB,5.125
NB,8.359
 ,2.485
CT,8.796
AJ,3.203
EH,3.453
HA,4.297
EV,6.157
EL,5.765
OF,4.906
QC,6.156
XV,6.688
TR,12.75
GJ,9.656
TO,4.422
TF,6.969
EI,7.953
PF,14.780999999999999
SA,17.187
HD,7.281
GC,14.484
 ,2.938
IG,4.657
JB,3.703
TC,3.532
 ,1.875
EB,5.156
SL,6.188
LI,4.406
OT,4.688
GI,5.062
GS,7.609
 ,2.406
PH,14.812000000000001
EW,4.047
LC,5.719
BX,3.516
 ,4.828
EF,3.156
LQ,16.734
FS,5.968
IF,3.672
OX,15.125
VM,6.328
RS,4.985
NH,7.703
VB,3.687
OQ,4.125
IE,3.547
PE,7.016
TX,13.969
VR,13.766
PO,5.219
NG,5.578
XR,5.75
OH,7.063
LD,4.109
CL,3.734
OI,4.093
XM,4.156
OA,4.329
BA,3.875
LP,18.407
VW,13.375
MQ,12.907
NJ,8.328
DO,14.469000000000001
GN,5.687
QX,16.812
IJ,3.641
PC,6.875
VF,5.797
WR,6.86
TJ,6.938
MP,3.281
AB,3.688
AD,4.578
IP,2.89
IM,3.015
XH,13.922
PW,5.922
IL,4.016
OE,5.594
JL,12.047
FO,6.297
IN,2.547
DG,13.688
NR,8.36
MR,4.906
CR,6.297
BL,7.906
FH,4.657
FM,5.125
PG,6.187
PG,6.187
OC,15.641
TM,6.859
SF,5.656
FQ,7.422
JH,14.828
FG,3.437
HO,5.859
RP,15.954
CX,5.734
SP,16.453
NW,5.969
SG,4.859
JA,3.047
PT,5.047
FE,3.172
PR,13.969
LB,3.985
EA,14.453
JV,4.0
QP,4.406
NC,5.078
DH,5.453
WX,7.172
 ,4.313
 ,3.407
TE,7.703
OL,7.078
GO,13.14
 ,4.078
DQ,12.969
XW,4.797
WE,4.922
WI,6.188
XN,15.030999999999999
 ,2.578
GQ,5.718
GW,6.172
CH,4.625
QN,3.594
XO,14.5
ND,6.641
AX,3.844
JS,4.906
LA,2.766
JO,6.172
NL,14.718
VH,7.844
GM,5.954
IB,4.219
NF,5.438
FV,5.75
NA,4.594
JC,3.921
LS,4.125
WG,6.063
HX,7.297
IW,7.156
PL,6.422
OW,5.578
DI,6.609
GB,15.594000000000001
AP,13.953
CG,13.547
WF,5.797
NE,4.36
JI,5.375
BR,3.859
TS,4.5
PN,3.797
VI,4.672
MT,4.656
CJ,3.954
WB,4.765
WO,6.187
AH,4.437
CW,4.812
XC,4.625
DR,4.265
RI,5.343
MG,4.141
HG,4.344
RD,4.532
BS,4.797
 ,2.703
VS,5.485
JX,13.359
LN,6.469
VP,11.328
RE,6.5
WP,6.203
BC,3.828
TG,14.797
DB,14.203
NQ,4.672
VQ,17.359
DX,4.922
SH,6.032
VP,6.907
QI,5.078
TV,4.5
VA,5.219
OQ,3.968
WD,9.813
WJ,3.984
IA,7.141
DM,6.75
ID,4.547
QR,8.25
 ,2.328
IO,2.969
PS,5.656
VF,7.406
 ,1.797
EM,2.875
OD,16.36
GT,16.281
SJ,4.125
HI,3.609
XF,9.703
PI,3.687
GL,7.484
RN,7.734
BJ,2.953
LE,5.781
HN,4.984
DC,5.109
TB,3.156
ST,4.125
AN,4.406
SV,4.844
WN,5.375
MD,6.5
QJ,17.265
PX,6.797
MC,13.25
GV,15.405999999999999
VC,4.391
DT,4.235
LW,5.468
IV,4.141
 ,1.75
GA,6.657
ET,7.609
XJ,19.828
EX,4.531
LH,6.25
ON,3.75
QJ,5.797
TH,5.329
CP,5.922
LS,4.657
NS,6.875
BD,3.265
MH,3.968
TQ,12.969
LG,6.453
HM,4.062
LO,5.344
JG,5.875
RL,7.938
DN,5.297
 ,1.719
JD,6.187
XA,3.891
VL,14.25
EP,4.516
EN,5.75
MJ,7.266
OP,3.329
PA,5.75
RQ,12.625
RW,5.563
IQ,5.469
MW,5.547
LR,5.281
CV,4.281
MI,3.844
DP,7.093
AE,4.094
BH,6.328
RC,6.735
IA,4.734
BV,3.547
SE,6.297
QM,13.157
FN,6.515
 ,2.891
OB,16.0
OR,7.046
QV,18.735
GR,6.484
BV,4.11
QB,12.328
HS,6.313
JN,5.688
AO,3.719
VJ,4.406
GL,11.11
RG,6.797
FP,13.859
RM,10.282
WH,7.187
SX,5.937
TL,5.172
OJ,6.265
AF,5.016
QE,11.672
IT,4.11
ML,7.531
XL,5.157
NM,2.719
FQ,5.813
XS,4.796
PA,4.078
GF,3.828
BF,7.453
AR,4.031
PQ,3.812
BI,4.531
BD,2.688
WV,6.5
QD,12.078
LB,4.062
XQ,14.86
TP,5.734
DH,7.656
CD,3.969
CT,4.844
BQ,7.094
EC,15.968
QW,9.578
IT,4.016
MO,3.718
MS,12.734
SN,5.109
QG,5.281
WT,7.469
CO,12.453
OG,13.266
HC,5.812
CE,6.938
FE,3.031
HI,4.156
 ,3.032
EI,3.656
XP,8.281
BN,6.453
FC,6.219
HT,13.797
QG,4.828
FP,6.266
BP,6.093
AC,11.875
EF,2.828
DX,4.485
ST,4.235
LD,3.219
SB,4.485
HB,8.359
QJ,14.891
WL,9.281
OS,6.234
LW,4.89
VF,9.11
FJ,4.984
XN,8.328
MV,4.625
QJ,12.656
ER,6.516
HV,8.031
HA,3.578
AF,4.438
IX,4.188
CB,4.218
FR,7.172
IF,4.266
IH,3.015
GD,14.437999999999999
LE,6.594
EX,5.719
HE,6.438
FI,3.672
BI,3.829
ST,3.515
FI,3.563
RV,15.0
OE,5.484
AL,3.328
TJ,4.563
JO,5.125
VC,4.109
DM,6.125
XB,5.89
BG,12.438
WC,2.937
RJ,5.64
FE,3.25
JA,2.985
QG,4.593
EV,5.75
XQ,12.281
JH,14.672
CQ,6.953
VS,5.734
DW,3.641
SX,5.312
SF,5.031
IP,2.734
MA,4.671
EF,2.765
FR,9.625
FR,9.625
OI,3.656
 ,2.187
AS,6.438
EP,4.454
OE,4.454
WN,6.563
FC,8.297
DV,4.328
HM,5.484
MP,3.0
HN,5.282
DB,2.594
RL,7.735
LR,3.203
DB,2.625
DS,4.515
EO,4.594
HW,5.922
WL,5.328
QV,12.625
PR,14.25
CP,5.672
BF,6.25
 ,5.704
GQ,4.812
JI,4.843
WA,11.984
LW,4.578
HV,6.109
HC,4.391
FA,4.172
CM,13.0
AJ,2.938
GO,12.812
TR,12.031
EX,4.86
FT,13.125
LJ,12.61
AV,3.609
LQ,9.687
GN,6.031
PF,5.766
LG,14.703
VF,8.782
HS,5.547
LM,7.234
AW,12.062
JC,5.031
JV,6.687
AL,3.109
OW,5.953
AC,11.484
TF,13.359
XA,5.688
AD,4.391
GN,5.515
EO,4.953
OD,12.797
WB,4.187
VM,7.204
BE,7.719
SL,5.703
RA,4.421
AT,3.5
PM,3.969
SP,5.156
WT,3.953
AS,5.329
SL,4.328
GA,4.36
TA,2.906
LA,3.125
AM,3.938
DM,6.562
PL,19.156
BI,4.375
CM,12.141
OW,6.985
RT,8.36
AT,4.547
QJ,13.734
AT,3.39
FI,4.328
IR,4.031
XI,3.391
FX,6.953
LM,6.734
RQ,6.984
BE,4.875
WF,5.5
MQ,12.469
MH,4.641
LG,13.812
NL,15.39
MI,4.437
NI,3.579
WR,4.125
IV,4.344
ER,6.922
AW,11.453
EL,8.454
XB,5.0
PD,5.297
JM,7.14
XD,5.375
DX,3.516
TM,5.157
MJ,5.89
FQ,4.469
FT,13.875
VN,9.203
AT,2.828
TQ,5.36
OA,3.875
QF,4.719
AB,4.781
PE,6.172
SR,4.141
NB,8.172
VI,3.579
VQ,8.031
TP,5.297
 ,1.86
PH,9.125
JC,4.266
 ,3.016
GO,12.375
JE,5.422
LG,6.328
RL,4.313
DW,4.063
BN,6.75
CA,12.75
ES,5.953
VF,4.609
IG,4.094
FI,4.25
PW,5.563
OD,14.921
RW,4.438
XD,3.594
VE,3.891
TX,15.344000000000001
FC,7.031
EQ,7.031
QJ,15.468
RL,6.219
PD,6.485
 ,2.625
XP,9.375
GE,5.547
GM,4.281
QD,11.984
FE,3.109
NB,7.5
TC,5.235
SP,5.047
OG,12.0
DL,4.266
TG,16.64
 ,5.484
CQ,5.875
DB,2.797
 ,1.938
SL,5.422
HC,4.469
JE,4.469
LM,6.375
LV,10.735
EA,4.468
WX,7.781
EO,5.0
WI,6.156
NR,7.672
DC,4.735
BF,5.875
ES,7.203
IV,3.828
QF,4.593
QL,7.219
XV,13.0
 ,1.985
SA,4.375
HN,14.109
VR,12.86
MQ,13.64
WM,5.594
SR,4.688
QL,6.125
CD,5.094
JM,6.734
DA,4.578
FD,7.969
GL,6.594
ND,5.375
ES,6.203
QP,3.735
IL,4.14
AC,2.969
BR,4.36
NB,6.578
EG,3.64
NA,4.672
TD,4.281
GE,3.687
WL,6.704
CF,5.938
BA,4.547
GH,4.36
PT,4.672
OR,6.75
FD,6.703
XO,14.11
SD,6.64
WQ,7.031
PH,9.875
 ,3.469
QL,5.797
HP,11.391
IH,6.547
OS,4.719
JE,5.828
QP,5.078
TD,4.063
VG,14.516
TD,6.078
FX,8.516
NL,15.562999999999999
HP,6.594
HJ,6.344
HT,6.109
EG,3.219
AE,3.781
PW,5.547
MJ,5.531
SR,5.61
OL,8.172
GH,10.703
AC,4.875
XI,4.062
GI,5.844
NJ,14.375
QR,8.265
MJ,5.406
OG,14.922
PS,5.406
EO,5.359
LJ,11.75
CE,13.125
JW,4.625
MV,4.031
DT,4.094
SG,5.125
QJ,7.141
CV,4.703
RQ,5.641
LD,3.219
DX,3.625
XM,5.125
PG,6.703
EP,4.672
CD,6.828
HC,5.469
LV,12.844
FB,8.312
FD,6.438
CS,14.312000000000001
 ,4.703
BD,2.812
VG,13.641
VN,7.547
EA,4.61
XN,8.953
SR,3.984
 ,3.297
QS,15.484
DJ,4.703
LV,7.907
WA,5.828
NG,7.172
 ,3.719
PD,5.063
CM,9.844
EH,4.016
RP,10.0
EV,4.125
BR,4.234
NI,4.672
XR,7.813
VP,7.234
MQ,7.375
JV,6.515
RJ,6.484
IM,3.547
OF,6.296
VC,3.906
FW,6.344
WG,7.765
VD,4.859
EP,3.813
JF,5.156
ER,8.328
QG,4.469
AI,17.968
VN,9.062
PV,6.25
 ,3.156
WD,4.89
FB,5.984
PC,5.75
HV,8.5
DW,4.766
BN,6.938
AW,4.5
OE,6.204
PR,14.079
BW,3.625
OH,5.891
LW,4.375
CH,4.453
VF,6.219
RC,6.297
IS,13.921
WM,4.609
LN,15.016
BW,3.812
LB,16.125
FN,15.0
ES,7.312
FT,13.688
XH,9.25
VR,8.687
JI,4.516
EI,4.593
 ,3.906
QS,13.36
WL,7.125
HF,6.172
GW,5.875
JM,7.968
TX,14.438
HB,8.078
OR,7.406
VF,5.484
TD,4.985
AT,3.359
AI,11.312
QN,3.891
LI,5.344
 ,3.516
GI,4.61
NX,7.5
RT,12.156
DL,4.469
VH,5.765
XD,4.906
HN,13.656
JH,14.39
SD,7.313
SP,4.812
GM,5.406
QH,4.859
CF,6.187
WT,4.344
MN,3.016
RP,13.922
HI,3.781
WQ,6.609
AG,4.531
NA,4.469
GB,12.375
BL,5.125
SG,4.672
XN,9.656
FW,6.531
VP,9.047
XB,4.938
XA,4.594
OQ,6.094
IW,6.968
SI,14.375
LP,7.765
QJ,5.985
RC,8.047
HF,4.859
JH,9.219
NL,14.859
RJ,7.406
QD,12.969
RN,7.703
HE,4.016
FN,7.204
QS,14.030999999999999
XQ,16.219
JX,15.5
SP,5.328
RW,5.14
ME,3.969
SC,13.844
MH,5.797
 ,4.266
SC,14.703
AC,3.406
IT,4.953
OE,5.125
FC,8.719
FN,7.844
 ,2.469
IG,3.922
XF,5.172
CV,4.328
IS,14.657
XA,3.906
TQ,13.406
OG,14.047
EN,4.875
IP,2.797
GH,5.578
NX,7.157
LQ,7.109
SG,5.031
AX,4.594
IX,4.266
QB,11.953
VD,4.75
RF,7.437
GD,14.984
QJ,5.547
HA,4.672
HO,7.297
CD,4.156
PR,13.954
BE,4.765
RQ,5.625
OG,12.141
DA,4.172
QD,12.657
WT,4.438
SM,5.25
IM,4.125
BO,10.422
EW,5.297
HN,5.562
BN,5.25
SC,14.609
AG,4.14
IX,3.782
QH,5.141
IF,3.171
WB,3.344
EM,3.047
OS,5.562
CF,6.532
RB,4.359
SF,5.953
JF,4.641
TA,4.11
ET,15.516
VD,4.344
CF,5.062
OE,4.406
TR,6.344
FI,4.172
QB,11.735
 ,2.468
EG,3.469
CE,8.14
PG,8.578
 ,1.891
BW,3.297
GH,3.906
EV,4.406
MW,5.563
CP,6.0
LB,4.719
FX,7.484
EJ,5.328
GL,8.609
SC,12.563
PO,4.375
NR,7.079
BR,3.766
RB,3.25
OA,5.25
VI,3.703
RT,11.718
WQ,8.547
QH,4.64
VT,6.422
AS,6.156
PV,6.516
HT,8.719
SL,4.891
BW,4.094
SI,7.938
CP,5.031
VB,4.344
HL,7.969
TG,9.891
NX,9.407
DF,5.953
WN,4.875
XR,12.203
AB,5.078
BA,4.235
RJ,6.172
QJ,7.875
JT,4.953
RJ,6.734
DH,6.547
HP,8.516
BF,7.469
BN,6.547
LQ,7.953
FW,6.094
PV,7.36
QD,11.734
JT,4.828
NI,3.531
AT,3.172
SR,4.203
AX,3.625
JT,4.516
QR,6.171
FS,5.593
XD,4.047
RJ,5.578
AL,3.532
RL,5.969
XR,5.859
XB,4.703
BI,5.093
FR,13.703
TX,11.328
VS,6.797
WN,5.234
HJ,15.578
ST,4.078
IM,3.906
GQ,6.703
OH,7.625
SH,5.469
FN,6.813
WX,5.703
JW,5.265
 ,1.937
 ,1.782
MP,3.468
GJ,9.907
XA,3.954
DV,4.812
MF,4.844
OI,4.422
RT,12.859
AJ,3.312
CS,6.797
LI,6.094
SA,4.391
 ,1.579
RO,8.25
MX,4.406
JQ,5.312
CE,13.266
QJ,7.172
XI,4.859
HN,7.375
 ,13.875
MQ,13.563
VW,7.375
CQ,6.157
WD,4.109
FX,7.25
RM,7.0
QN,3.719
NP,5.109
TM,5.328
HV,14.844000000000001
FD,7.375
EJ,5.75
NH,5.75
RM,4.672
MA,4.391
LB,5.562
WP,6.766
VP,10.375
JX,16.0
EJ,5.469
QH,4.891
 ,4.062
FM,5.531
 ,2.063
PD,7.453
NA,5.203
QL,15.687999999999999
JM,8.079
HS,5.157
QJ,6.5
AP,4.297
QG,5.578
NO,3.516
VT,4.672
SD,8.469
QT,4.375
TS,4.125
ML,6.421
VF,6.094
HN,12.515
XH,9.39
NA,4.281
VD,4.906
DI,4.813
CL,6.75
EX,4.062
JQ,5.671
WB,3.328
RV,7.328
VF,6.688
 ,1.829
CN,5.297
RX,15.25
RX,25.25
JI,4.203
HX,14.781
SN,5.094
DV,4.016
CS,8.281
FT,15.172
 ,2.703
VP,6.0
DW,4.437
 ,1.875
CN,4.875
EJ,4.297
FG,4.235
XI,4.469
PV,5.672
VR,7.922
FW,6.25
PF,13.828
PS,5.985
 ,1.453
GM,5.078
AC,11.812
BT,3.125
 ,1.532
CN,4.125
BA,4.047
SI,9.219
DQ,12.015
TP,4.266
TS,4.781
RX,4.203
VT,4.734
MX,4.531
HN,12.25
WO,6.078
WD,3.907
MF,5.953
QJ,6.5
SD,5.922
QX,7.719
AR,3.078
VF,5.406
VG,17.14
CN,5.156
VS,5.156
IA,14.407
LV,6.672
IF,3.797
HD,6.765
NP,4.297
IN,3.172
DP,6.781
TQ,5.922
LJ,11.86
 ,1.656
BW,3.64
HP,3.64
EP,6.188
QD,11.859
NE,5.203
HA,4.375
HF,5.407
LS,4.782
OA,5.14
TP,5.125
WF,6.094
WB,3.468
XV,8.578
XV,8.578
VR,10.125
DW,3.109
FI,3.187
QJ,5.938
JF,4.781
RG,9.406
FB,7.704
NV,10.641
LG,7.922
EJ,5.188
FQ,5.344
WD,3.266
 ,2.235
BL,4.734
VS,5.438
VF,6.266
LG,6.032
RA,4.531
HT,5.266
FT,14.109
VC,4.36
TQ,5.093
TI,5.062
BV,3.687
EO,4.031
FO,6.156
GB,6.828
DR,4.203
AO,3.812
RP,14.782
VF,4.625
RN,6.797
BT,6.203
XN,9.422
JG,5.625
JB,3.719
DH,8.062
CT,5.093
PL,7.094
 ,1.562
VP,7.297
JE,8.437
LJ,12.218
XT,10.531
DO,13.438
SC,13.312
XA,4.516
FN,6.61
IX,4.359
WT,4.828
LV,10.031
EO,4.031
QV,5.547
CQ,6.094
HN,12.062
QL,5.672
QD,11.906
WR,5.282
QF,5.172
FC,5.641
HN,11.75
OL,6.547
GT,7.375
NX,13.36
AF,5.141
DV,3.812
NR,7.266
JQ,5.391
OA,3.734
RJ,7.719
XI,4.469
DF,6.141
LN,14.5
CW,13.0
LT,7.5
FP,5.562
EX,3.937
TJ,5.328
PV,7.782
VP,5.266
AT,3.359
CV,4.891
HD,6.0
 ,1.391
MF,4.968
VP,6.61
 ,2.391
OE,4.843
GD,14.562999999999999
XD,7.078
 ,1.375
 ,3.11
OF,6.391
NR,7.375
IW,6.891
HN,11.797
IL,5.469
IL,5.469
 ,5.86
CS,11.156
WX,7.656
 ,2.36
TF,15.672
VP,5.531
EP,4.453
QX,16.703
SO,5.406
AW,11.563
OG,12.047
FQ,5.812
TJ,4.266
PF,13.109
QG,5.438
DX,4.532
XQ,6.0
XW,7.25
PO,3.688
VP,5.578
TJ,4.703
IX,4.891
QT,4.438
CE,7.172
QH,5.25
DA,4.172
OQ,5.563
SO,4.39
JL,11.64
XW,7.062
QR,4.516
FX,7.203
VG,15.516
HB,8.5
DT,3.86
EI,5.984
RM,5.469
GI,4.016
RM,4.579
JQ,5.828
FP,10.641
 ,3.125
ER,10.641
EV,4.422
 ,2.64
TD,5.937
OS,4.656
NW,6.125
VJ,4.672
IX,7.344
JH,18.89
AI,18.781
EB,28.781
HP,14.219
OF,5.734
AR,3.438
BE,4.218
PF,13.859
CO,16.0
JA,4.204
CW,14.485
TW,4.469
RG,6.469
IX,4.578
AG,4.64
IF,3.265
HB,5.734
LR,9.985
AF,4.5
NX,5.86
IL,4.11
QJ,7.266
AB,3.812
MP,3.578
 ,2.11
SD,6.203
RN,6.328
OP,3.641
IH,5.046
BO,6.547
VW,5.984
VM,6.187
FN,6.813
QD,11.797
WL,5.172
QD,12.39
QS,14.625
QD,11.563
RJ,7.734
PV,11.531
DW,3.5
JE,6.625
ET,8.797
MX,3.266
 ,2.047
EC,12.0
GD,7.406
BE,5.781
RM,7.171
OL,10.968
JQ,9.766
TG,6.718
BW,3.828
HV,8.312
AM,3.437
PO,3.625
VN,5.922
QP,4.766
DH,5.672
VW,4.547
DF,8.171
TW,4.562
VT,6.813
AL,2.922
PR,15.016
IX,3.703
RB,6.047
BO,4.922
DL,4.907
RS,4.297
BP,5.547
NW,6.343
HW,5.375
VG,5.781
DC,4.891
RN,7.078
CE,7.656
EF,4.25
QH,4.219
 ,1.953
HA,4.187
LE,6.578
QD,11.578
MX,4.641
VF,7.86
QR,7.125
EV,4.75
JO,6.704
IA,12.969
QP,4.203
VE,4.579
GW,5.953
XR,8.454
AP,4.422
IE,3.704
SO,5.172
QD,6.016
AC,5.844
LO,6.313
BH,6.297
RN,7.188
RA,3.485
CW,3.875
IH,4.641
RI,5.766
OD,18.079
AG,5.406
GJ,7.953
WI,5.922
QF,4.953
JA,3.703
TF,15.109
BO,4.813
ST,4.922
TR,12.953
XA,4.594
QO,5.578
 ,3.75
XP,13.469
QD,7.437
NL,15.094000000000001
 ,1.719
IM,3.844
FW,7.469
SM,6.375
CM,7.359
 ,3.579
CE,11.5
FN,10.5
GE,4.828
CW,3.375
SM,6.484
CR,5.203
HF,6.234
VX,11.937
 ,2.312
GI,4.594
MA,4.063
BR,4.0
 ,1.312
WL,6.922
CE,7.375
AI,7.985
JF,4.453
OJ,8.89
XT,12.453
HX,8.922
MT,5.859
SI,5.859
DM,8.718
SO,5.219
FN,9.125
HQ,5.657
MN,2.969
TD,6.125
MN,2.938
CD,4.609
VD,5.656
QJ,11.672
FV,6.157
FT,16.375
CV,4.922
OC,4.922
MW,8.891
NQ,5.375
IX,4.25
QF,4.062
XN,7.875
AJ,3.125
MT,6.968
TF,13.61
DM,8.906
JT,6.141
NJ,7.078
AP,4.0
SH,5.266
DF,10.297
EX,6.672
 ,1.922
QD,13.0
HB,7.578
DG,14.016
EV,4.719
RS,6.0
XE,6.375
CW,6.375
HC,7.875
IL,4.625
GW,6.812
IE,3.938
BE,4.859
BC,3.828
TS,3.546
QD,4.688
QJ,4.797
XE,5.188
QD,6.922
RD,5.75
HN,12.313
XI,4.171
IV,4.813
FR,8.578
CH,6.328
VI,4.047
OG,12.156
GP,10.032
HF,4.672
SM,4.797
GH,4.938
 ,4.031
WG,5.672
SO,8.032
BI,4.688
TQ,7.437
CB,3.969
XM,5.593
LQ,6.14
 ,1.656
PS,5.969
PC,9.328
FJ,3.672
PM,3.531
GV,16.218
OQ,5.953
ID,4.828
QL,6.875
FM,5.468
NB,6.329
GS,7.563
NC,6.0
VR,9.438
IL,4.782
BD,13.593
XI,3.875
FR,7.594
AC,3.625
BJ,3.312
XF,10.922
AB,4.828
QD,4.844
XA,3.703
OX,14.235
WJ,5.968
LJ,11.937
 ,3.0
NS,6.75
GO,13.922
HD,10.093
OM,3.781
XA,3.953
 ,1.937
FN,7.156
HT,6.125
VT,4.141
BC,4.36
RO,10.547
HN,11.75
HP,8.016
NH,5.719
WT,4.453
IX,5.094
AF,5.281
NI,4.391
NL,20.281
FD,7.687
RM,7.735
 ,5.187
TG,6.563
IL,4.031
XH,7.625
DM,4.781
NR,2.062
 ,1.172
QS,16.922
XE,10.313
TD,6.078
BX,5.5
TO,7.437
MC,7.375
PM,3.36
WQ,7.328
QS,16.313
FM,5.593
SJ,8.36
RA,4.75
EV,5.156
SO,5.188
LI,5.015
QI,6.484
IM,3.328
SF,9.312
NF,6.094
RI,6.375
CM,13.406
VP,7.735
JG,7.797
AS,6.062
QF,5.5
SC,15.61
NJ,6.14
DB,3.282
IX,4.125
AR,5.218
OA,4.032
DB,2.828
QT,6.047
AC,2.985
EB,5.422
GH,4.141
RF,13.672
WT,5.093
MT,5.547
AL,3.937
SQ,13.671
HB,10.594
GE,4.625
OA,4.203
TI,4.891
GE,3.718
LE,8.688
RE,8.515
EQ,13.219
HM,6.578
GD,13.547
IG,3.828
JV,5.594
ND,6.734
FV,5.938
EL,6.438
SQ,6.906
IP,3.625
FE,4.375
BV,4.485
FN,5.172
AX,3.797
QR,6.718
OF,6.281
AL,5.187
TE,6.906
QC,10.75
NE,9.454
OS,8.015
RM,6.218
JO,5.891
 ,4.344
SN,4.406
NM,5.141
RM,5.328
GO,13.203
VP,10.563
ID,5.422
SQ,6.344
IX,4.25
 ,2.235
OH,6.688
LD,6.781
RT,8.5
LV,9.329
AD,5.188
NM,3.532
XD,5.078
SQ,5.781
CF,9.047
DN,7.109
QW,6.328
CQ,6.421
 ,2.047
TS,4.5
IO,3.64
IL,4.734
RQ,6.609
SO,4.047
JM,6.734
LX,4.625
NI,3.265
TF,15.078
HN,11.891
DO,13.094
JR,7.906
XI,7.125
GL,10.594
JI,3.719
GR,6.671
MH,5.328
SA,3.672
EJ,4.078
