TJ,7.375
ST,18.953
CM,5.406
TJ,11.61
ST,8.89
CM,8.89
CM,8.89
XA,15.609
WX,6.906
OV,6.235
AU,24.188000000000002
NQ,19.765
TK,6.172
FW,14.172
DR,8.203
HS,11.515
VO,23.453
LD,9.5
WX,6.953
OV,15.75
TK,5.672
NQ,10.609
DR,6.047
AU,22.985
TK,4.89
ST,12.234
AN,7.938
XA,11.547
TK,3.062
XA,5.719
AU,7.86
IH,12.422
FW,14.359
ST,5.672
UW,19.797
VO,11.36
LQ,7.625
FP,21.219
HS,9.109
AN,6.422
EK,9.172
LQ,5.453
AU,16.703
AN,5.156
PI,25.672
EK,6.094
AU,7.391
FW,7.906
ST,6.234
DR,3.89
HS,7.0
OW,6.14
IH,9.687
PK,6.844
PI,18.953
AN,6.328
XA,11.672
AU,6.843
LN,31.688
UW,15.141
AU,15.703
TJ,8.609
HD,25.0
FP,21.266
OV,15.985
AW,20.875
TN,30.11
LN,30.89
PK,11.797
FW,5.281
XA,10.578
NQ,5.75
LN,13.094
QI,11.235
LD,8.0
PI,13.797
EK,6.953
AU,8.875
UW,20.313000000000002
XA,7.641
PK,8.187
EK,5.719
FW,5.579
ST,6.297
FB,18.516
GV,11.969
EH,11.75
FB,5.922
EW,9.234
GH,6.531
WF,5.531
EW,6.516
TN,21.063
AW,7.875
GH,5.531
GV,7.063
TJ,5.328
KD,6.937
WF,4.875
IH,10.25
AU,6.094
VW,8.61
OF,5.969
NB,22.469
HD,14.625
NB,6.047
VW,5.25
VX,17.735
DG,8.765
NX,26.062
OW,8.953
NX,8.547
RS,6.765
KD,6.688
VX,9.64
LD,6.797
KD,5.14
BS,12.953
QI,11.938
QS,16.891
RS,8.875
HQ,5.593
HM,21.766
BS,6.266
EH,7.0
QI,10.953
FP,23.188000000000002
JW,5.937
KN,4.672
HQ,4.469
QS,11.782
TL,26.235
JB,6.343
OF,8.5
JW,5.25
AW,25.219
QI,17.281
LN,24.875
TJ,12.672
NV,27.407
KN,5.297
TN,23.578
WF,5.469
NB,29.625
FW,5.218
FP,20.922
NB,8.906
IF,22.436999999999998
HM,23.625
BR,27.75
JB,4.828
PI,20.968
SX,10.406
IF,21.563000000000002
OP,8.25
SP,17.203
DG,5.344
TL,21.375
FB,8.422
UO,11.437
NV,15.265
AW,18.578
TN,16.219
AU,16.375
VO,10.297
VO,10.297
PN,7.812
BR,42.64
AL,25.734
OP,4.563
BR,10.422
BR,10.422
LN,31.563
NV,11.828
MR,32.734
HJ,6.125
AL,19.125
LH,6.188
SP,9.703
MR,11.328
LN,24.186999999999998
BR,35.61
DR,6.188
BR,10.719
HM,17.25
VO,11.875
OS,6.375
UO,10.766
LG,18.609
PN,6.547
GV,9.953
UW,17.859
NX,25.266
OD,6.031
SX,9.36
LN,23.516
SR,13.016
LH,5.063
HM,14.141
NX,11.438
GV,11.031
SL,11.313
OS,5.094
NB,29.641
AF,8.657
TB,4.828
AF,6.328
SR,7.047
VX,14.547
HS,15.328
SP,7.969
GM,24.625
LG,11.281
NB,41.125
VO,6.907
VF,17.984
TB,3.953
FM,15.468
GM,9.984
DX,11.969
VF,13.094
QI,36.266
AU,14.188
AL,8.703
DG,4.703
VX,8.656
MA,12.125
HT,9.218
MA,6.171
OD,6.875
OD,6.875
GH,8.359
QB,9.875
DX,10.375
TL,7.828
HS,7.828
OW,8.484
TL,4.703
LN,23.079
LD,9.735
MA,8.937
BR,15.484
XP,21.766
LX,8.969
SL,9.547
QB,6.516
NA,8.875
FM,8.218
EK,7.547
NQ,7.547
MR,29.734
XF,28.844
HJ,6.0
AU,9.875
FB,9.062
NQ,6.797
LN,15.625
TH,8.781
HT,5.406
OS,5.437
IK,10.344
TH,4.39
BR,14.016
JD,15.359
IK,8.906
PR,15.546
NA,8.781
NV,12.0
HD,22.436999999999998
AN,11.875
XI,11.937
BW,10.438
LP,7.828
QS,10.922
TK,8.141
SM,21.844
OF,7.953
OP,4.969
LH,6.421
GV,29.0
JW,7.828
UO,19.171
TB,17.813
JB,10.157
WX,5.766
TH,12.079
HQ,10.625
IF,23.265
QB,5.781
BS,7.172
IJ,25.547
RS,8.796
EH,7.062
LX,9.36
GM,11.359
KN,5.188
PK,6.531
WF,5.828
NR,31.563
DR,7.125
LB,10.641
EW,9.078
LQ,6.188
VW,5.031
PM,7.688
PI,18.531
OV,26.047
SP,9.765
TN,27.938
KD,9.984
ST,7.5
VX,16.375
DG,10.406
SL,7.828
HX,12.312
OD,6.172
SR,9.5
TJ,6.516
SX,8.265
JT,4.0
AF,9.328
PN,9.938
UW,16.781
IH,12.969
IK,24.329
XF,14.984
LG,31.937
TL,25.813
FW,10.203
AW,15.062000000000001
HJ,19.875
MA,7.563
FP,16.594
MR,26.0
FB,21.156
HM,24.516
HS,11.907
AL,11.109
HT,21.109
DX,11.031
PM,5.625
XP,12.219
AF,23.281
NX,21.594
MA,6.25
DG,5.328
OW,7.375
XI,12.078
LB,28.641
VF,38.531
GH,7.359
EB,8.484
PR,16.703
HP,12.641
NU,20.437
LD,5.625
FP,46.5
QE,10.203
EL,30.765
EL,40.765
SR,6.531
FH,6.844
XA,9.313
OS,8.75
QI,16.422
FM,18.86
BW,6.407
EB,14.0
JM,24.641
MB,22.561999999999998
NB,16.688
IJ,21.328
EK,7.594
JT,4.766
LH,13.203
TH,11.625
MA,5.641
LP,6.203
VO,11.563
BA,8.109
MB,18.734
BW,5.375
BA,5.078
SM,8.859
KN,4.953
JD,10.562
JB,10.562
GJ,16.016
IJ,19.906
OS,5.172
NA,6.703
NH,23.546
NR,25.25
RA,11.188
XP,11.407
MP,7.453
WX,6.672
NH,24.281
EB,22.515
UR,16.313
UR,16.313
JM,20.672
RA,8.922
NR,35.703
OW,9.531
MP,6.594
AL,7.359
BS,6.172
RA,6.671
VJ,7.266
PN,7.281
IJ,16.984
EB,12.329
XF,23.437
VJ,6.062
VJ,6.062
NA,8.422
PN,7.563
HV,29.547
HV,39.547
HV,49.547
TK,5.016
NR,22.062
AQ,31.391
SM,41.391
PM,6.703
MQ,7.219
GJ,6.156
XA,9.25
SQ,10.172
XK,7.906
AQ,17.906
UO,12.328
BS,7.141
GH,9.75
QE,5.25
XI,12.204
PR,10.578
XP,24.766
XK,6.703
HX,10.14
KM,6.313
MB,12.781
IK,11.141
FH,6.453
MJ,8.235
LP,7.032
NI,27.063
SX,6.922
NI,7.344
MQ,5.329
QE,5.359
HP,11.141
AQ,11.953
EW,11.328
DE,22.421
MJ,6.953
FH,6.875
HT,27.094
OP,10.016
IH,10.516
LQ,7.281
MO,5.125
UV,17.984
UV,27.984
MP,6.344
VI,8.688
IW,14.578
LG,10.797
EK,7.172
FH,5.531
SQ,17.64
DE,21.344
MQ,6.187
IV,10.297
LD,5.297
PR,10.531
JD,15.829
NH,13.25
JT,5.391
VF,20.64
KM,5.922
NI,25.625
MO,5.172
PK,5.562
NG,11.422
MB,20.938000000000002
NG,11.532
SM,16.078
NI,9.797
VW,5.437
EI,19.922
SP,7.297
SM,7.188
EI,23.968
QE,5.187
OW,7.797
IW,12.891
HP,9.328
RU,16.656
EI,17.625
KX,5.844
IK,26.25
IV,9.422
MR,19.407
QI,10.516
AQ,27.359
JM,37.359
LB,10.0
JW,5.125
XK,5.594
QV,5.0
BW,7.329
IO,9.203
AW,13.797
TJ,5.016
BA,6.39
VI,10.718
SQ,27.156
LX,10.562
DO,5.765
KU,18.234
QB,3.985
QB,3.985
VU,14.281
QV,9.703
FM,18.188000000000002
HQ,5.907
OL,7.922
WF,7.453
IF,19.718
VO,14.813
RP,20.141
HD,17.89
TB,5.437
OF,32.734
IE,19.156
NU,21.234
DX,9.797
AF,7.109
NV,17.172
JB,4.89
AL,8.703
UR,23.75
EH,8.39
HV,19.922
TL,11.672
IJ,9.938
GM,16.407
KM,6.422
XP,16.391
RS,7.563
AN,6.031
PM,6.359
NQ,9.922
KD,7.343
HJ,25.186999999999998
OV,7.593
TK,8.922
GJ,7.422
EL,16.484
FN,19.094
HX,18.203
MV,8.734
IX,8.422
IX,8.422
QS,28.75
GV,5.781
FH,5.812
SL,8.046
JO,9.813
EK,6.125
NR,15.297
GD,5.547
BR,25.061999999999998
PK,6.859
PI,22.75
FW,8.563
KX,5.359
GS,7.219
VX,10.828
SI,25.531
MJ,14.719
EI,25.531
OS,7.547
XV,7.328
TU,23.078
DR,6.172
FE,6.937
UV,13.25
XF,8.516
KW,21.686999999999998
RA,7.984
FE,5.531
KN,5.281
UO,31.407
TE,23.469
RU,21.219
SX,22.156
SF,13.766
QT,4.937
PR,15.828
TN,12.469
DE,22.047
OD,5.656
VJ,11.828
OP,6.25
EW,10.406
NM,6.984
SR,6.531
EB,23.969
MK,7.703
ST,5.953
XI,9.235
MV,10.344
DG,4.625
HT,8.86
MO,6.407
IW,14.547
FT,24.547
WX,7.047
PF,17.938
VF,19.407
IH,9.765
HM,24.0
JO,9.921
MB,21.657
LH,30.141
NH,17.437
GH,7.125
JD,19.188000000000002
JH,16.093
UW,21.516
NG,11.516
EM,21.235
LP,15.735
NI,14.234
PN,7.078
TH,6.485
PA,5.968
VW,5.579
BS,5.672
BN,18.734
LQ,9.718
FB,19.406
MP,29.406
MA,6.094
NA,5.75
LG,8.5
VI,11.016
BN,9.938
FP,15.421
FU,17.125
SM,17.719
HP,11.422
RU,25.813000000000002
NX,17.375
KI,11.454
BN,10.672
JT,6.062
KI,8.672
AU,12.312
AU,22.311999999999998
LB,6.156
HS,17.5
EM,16.641
BW,6.094
MQ,7.031
XA,9.813
LD,7.093
LX,5.922
OK,20.25
SP,14.172
IF,15.875
VF,15.405999999999999
MK,7.5
QV,5.39
TU,20.719
DU,19.015
GJ,10.079
JB,4.954
OE,18.328
XF,12.75
OL,7.703
IV,9.641
NU,24.047
PF,22.157
KU,31.875
DU,24.609
SI,12.813
FN,10.453
EM,7.61
XI,8.438
KE,5.438
IO,8.813
JO,6.781
MR,27.046
ES,17.078
PO,6.703
RM,13.25
FE,5.735
FT,10.25
HV,13.344
IX,7.125
RP,10.062
PO,4.735
VI,7.234
DM,33.109
RX,7.422
DO,6.437
NG,16.109
LP,15.094
JO,6.218
VE,7.156
IE,24.109
EH,8.094
UV,11.094
RM,19.641
IS,11.375
GD,5.406
XV,10.094
NH,9.141
EL,18.406
QL,7.141
NM,6.078
QA,25.234
JH,20.641
KW,31.203
XV,11.953
PF,22.109
PF,22.109
QL,6.375
ER,15.954
PM,5.86
QL,5.281
IW,19.671
IW,29.671
KU,17.938
VU,15.438
PM,5.094
KE,7.297
ER,26.094
QE,5.672
DM,26.063
KW,12.297
RU,13.031
FN,11.797
RM,15.531
NB,11.812
UR,13.735
OL,7.391
MO,5.703
PO,3.953
PO,3.953
LB,21.625
IO,9.391
DX,6.797
KX,16.437
RX,15.844
DH,18.063000000000002
KI,9.234
MJ,7.063
QB,4.812
TE,11.125
IU,26.579
QT,6.812
KI,9.172
RF,12.703
IX,13.093
RB,25.046
RF,6.86
RD,5.937
RX,5.281
IU,13.14
QT,4.407
KU,18.922
GJ,13.891
ER,25.359
TL,10.328
TL,10.328
FU,32.859
IU,17.64
GN,6.156
OK,6.485
KE,5.5
MQ,8.547
GS,8.469
KE,5.016
RB,17.829
KE,5.969
GJ,7.094
KX,6.157
QV,5.14
EP,19.828
OK,8.688
GN,10.516
IQ,10.204
OW,8.407
ER,24.828
GN,5.204
TU,9.047
KU,10.968
SQ,10.546
XV,7.969
QL,5.906
ER,9.703
QT,4.765
NI,8.735
IQ,14.609
GS,6.453
JH,10.968
RB,13.156
EP,11.375
IQ,7.125
IS,15.875
SI,8.25
KM,5.531
SF,10.062
DH,23.922
UW,20.844
IK,14.485
DE,13.969
TB,4.547
BE,6.641
KW,10.656
HF,6.063
FX,23.36
MO,4.781
EI,15.609
RD,5.61
QA,12.516
EL,18.061999999999998
IE,17.875
WQ,9.359
GR,9.531
DM,7.344
PA,5.437
PF,17.141
IO,9.109
HF,10.578
SA,5.812
MF,17.797
MK,6.359
QE,5.344
AQ,9.141
EF,5.235
DO,5.141
XI,8.375
XK,7.766
BE,6.719
WK,8.36
HQ,4.266
OK,7.11
EL,16.437
SA,5.453
SA,6.047
FT,12.781
SF,22.406
VE,6.906
HT,10.562
DU,29.61
NU,25.094
ER,20.532
MF,11.687
IE,32.406
ES,28.922
QN,4.532
QV,5.828
HF,8.25
LX,5.641
PA,6.531
SI,12.985
AI,11.75
RB,12.203
QX,6.297
AF,6.563
JM,8.453
HB,13.203
IS,9.875
WK,12.406
WH,7.094
GM,6.937
NM,8.094
FU,13.157
PL,15.094
HQ,5.172
SF,12.219
GD,4.171
GR,7.703
EB,18.0
RF,8.203
RX,6.125
EF,5.937
TS,6.031
TE,18.906
HF,6.656
XV,8.203
SQ,25.312
BR,10.969
KI,9.11
FX,12.86
SM,7.671
VU,13.5
AI,21.656
TB,4.532
RP,11.266
OE,10.421
QX,5.469
QX,4.906
OE,6.375
AI,15.266
OE,7.031
MP,6.5
WH,12.578
EF,6.39
FN,20.203
XF,7.953
EV,7.296
GN,5.891
DO,5.672
PL,7.203
RS,7.063
EV,5.641
NM,7.172
WQ,12.734
RP,8.672
GR,7.453
FX,10.141
TS,5.719
PO,6.5
DO,3.672
VE,6.375
NT,10.219
TW,5.469
IQ,14.469
OI,10.0
FE,4.968
DX,5.656
UP,17.172
BE,10.391
NT,9.344
FX,19.485
TS,5.953
IX,10.984
TW,6.641
BE,7.078
EM,13.656
NT,9.718
ET,6.453
WF,5.078
MV,5.61
NT,10.406
QN,4.141
FM,15.484
OI,7.422
TF,6.094
EF,6.672
KP,4.156
IV,9.828
TW,4.422
FU,12.093
JM,7.469
PA,6.485
MI,17.766
WH,5.656
DX,6.469
GN,7.0
ES,15.266
AJ,14.672
JV,4.062
DH,17.297
HL,9.25
MF,8.516
QI,11.625
HL,5.797
VJ,5.89
RD,4.203
JD,11.312
AJ,8.016
MI,11.75
LH,4.907
BV,5.64
ES,20.719
DM,23.0
GD,5.422
JH,18.375
PL,28.375
PL,13.375
XK,5.969
UP,8.61
TS,7.515
FN,10.469
QX,4.297
TF,18.265
EV,6.328
WQ,8.5
XP,13.344
EP,20.938
EF,6.25
KM,5.281
RU,21.936999999999998
RU,31.936999999999998
EH,7.734
AJ,7.828
VE,6.281
KP,6.172
HB,9.25
HV,20.64
VE,4.594
TU,7.406
BV,4.203
WH,8.438
MV,6.203
HX,11.047
PO,3.735
WA,19.859
ER,28.297
KW,7.0
XV,7.469
HS,10.735
RD,5.75
WK,6.438
NL,17.672
KT,4.031
WP,7.625
JB,4.25
RP,11.359
HL,9.718
HT,7.046
NL,8.969
NL,8.969
OS,5.86
GR,9.125
HD,22.436999999999998
RS,6.89
WE,7.64
HB,6.953
KT,5.359
JM,6.265
WG,9.953
AW,17.031
RL,5.547
EP,24.719
WG,5.609
TF,7.313
WP,6.032
JV,4.328
XP,8.688
MK,6.344
MI,16.125
DH,20.094
IR,21.11
MF,13.031
MB,18.25
MR,15.0
QN,4.734
ET,7.203
IX,7.25
MV,7.766
WP,5.219
FX,6.985
OL,11.953
JW,5.718
HL,7.219
SF,14.343
FP,22.062
HF,7.938
QN,3.907
WB,5.656
UV,7.203
ME,8.922
RL,4.625
QA,9.703
UQ,15.280999999999999
NL,11.812
JV,6.547
HV,20.609
WG,6.109
DO,4.906
HL,6.532
KA,6.516
DN,9.843
IV,8.532
DB,6.5
WB,5.188
ME,9.297
OV,18.625
GU,8.484
KT,4.703
VE,5.313
KT,3.5
AR,11.281
WQ,8.813
TU,9.64
MK,7.219
RL,5.5
MJ,6.734
GM,6.703
LG,7.797
SV,7.344
MI,14.655999999999999
OD,3.688
JR,35.969
BV,5.219
WE,5.609
WP,4.969
ME,7.735
IF,17.89
WA,27.89
WA,37.89
WE,7.921
IS,18.859
SV,6.734
DK,8.063
WG,7.062
DN,10.109
QT,4.656
BM,14.405999999999999
WQ,6.875
WN,4.906
FP,15.36
DW,6.875
VK,6.547
DW,5.282
BV,6.718
SV,4.984
JD,10.437
VA,10.359
NH,7.391
TW,4.031
GS,7.391
UW,21.141
FX,21.234
UR,17.625
KX,6.312
KD,9.453
IR,9.515
SL,10.906
RA,9.188
DU,21.547
SX,10.078
RB,14.015
HL,8.531
EA,11.172
OI,9.406
KU,19.0
XW,5.437
NR,13.094
UX,20.266
QS,6.656
KA,6.204
VI,10.375
HJ,9.141
MP,5.281
PI,17.969
PR,10.984
RM,18.828
GW,8.937
QG,5.047
AQ,10.406
LR,8.516
UP,16.171
PK,7.875
GU,18.0
HB,7.594
BA,5.843
RX,5.844
GR,27.234
RU,12.797
TN,11.468
QL,5.406
HP,11.547
FH,6.343
PA,5.016
OF,7.016
AL,9.704
GV,10.765
OK,16.406
PL,21.859
VW,5.89
EW,8.563
IO,10.14
QV,6.703
QX,6.125
RJ,17.812
NU,21.578
SH,10.047
AJ,8.422
AI,15.437
LP,8.828
RF,9.141
DM,22.875
LR,12.297
RL,4.171
QB,4.859
HM,16.406
DW,7.047
KP,5.922
FE,5.063
BW,4.86
AO,4.922
XQ,6.062
XU,12.484
GJ,17.156
TA,9.031
KN,5.984
BL,13.203
JH,10.75
IU,11.36
TK,5.891
UJ,12.89
US,19.813000000000002
NA,6.484
IW,11.547
UF,18.094
AR,8.062
DR,4.906
LJ,14.312000000000001
BN,20.297
VU,9.219
GB,4.047
BS,6.375
UQ,9.359
MX,7.218
DE,17.297
LQ,5.235
JR,12.266
MQ,8.453
IJ,19.688000000000002
OR,6.656
JO,7.75
BM,16.953
BP,12.453
AF,7.64
BO,4.234
HU,20.311999999999998
UO,13.25
TE,11.578
DB,6.672
AP,12.063
XM,7.078
FU,15.655999999999999
JG,7.344
VH,20.609
MO,8.578
PN,5.125
AT,7.906
TG,8.5
BD,6.094
VX,9.578
QH,4.89
NV,19.344
TB,6.687
LD,6.235
PF,15.859
VK,6.438
ME,12.875
EM,7.766
TF,11.672
EV,7.328
HX,15.531
PM,4.688
KE,8.187
FT,9.766
GN,6.797
TH,10.094
IX,8.141
OP,5.25
WK,15.437000000000001
AN,6.203
EI,15.030999999999999
SA,5.922
JT,6.094
SR,7.203
BK,6.078
WX,6.172
RF,10.984
IK,8.562
BE,14.64
XO,9.11
RD,5.891
FM,9.719
OS,6.594
EH,6.828
EL,18.188000000000002
NL,10.828
GL,18.61
IH,13.016
ES,21.015
EB,6.203
WP,6.89
GD,3.812
SQ,17.375
LT,23.25
MX,5.281
SI,9.313
LH,24.078
TJ,6.422
NG,9.609
EF,5.375
GH,4.906
QR,5.266
MI,11.125
ET,7.516
BJ,4.25
IQ,12.203
NT,11.531
FB,19.171
WA,12.938
AW,22.938000000000002
DI,14.719000000000001
OE,8.032
JV,10.094
UF,20.186999999999998
JK,7.718
AW,15.25
SF,18.156
BD,8.141
XU,27.438
LV,22.532
JF,29.141
QH,5.875
KQ,8.344
DN,15.297
UH,11.188
GS,9.359
WE,9.406
HK,9.406
SH,28.032
EA,24.125
QL,7.266
GU,19.625
LJ,36.812
UJ,22.734
TG,8.5
AJ,13.156
NQ,7.969
GW,10.907
TA,9.704
WN,7.328
MJ,26.562
ML,24.515
QG,7.406
RV,16.0
IN,18.75
UQ,11.375
VA,9.422
WH,8.141
HU,15.968
FS,9.016
VH,22.797
LX,8.578
UD,15.719
BV,5.563
RM,23.906
SV,8.25
UX,13.75
US,14.937
QR,7.031
KA,9.828
AO,7.438
IR,16.297
BO,7.532
BL,15.969000000000001
UP,21.031
GB,7.093
XQ,8.687
DK,7.421
OJ,19.25
XW,10.313
VU,12.515
QK,7.172
UR,22.454
AP,8.906
XM,10.125
HW,7.203
LR,7.563
RJ,20.609
JN,19.218
NX,15.485
NM,8.391
OM,5.219
FX,13.641
TD,15.266
AM,7.703
QS,7.391
EP,14.515
DJ,13.844
OR,11.218
UE,19.469
QA,25.719
TE,9.859
GA,8.125
BP,27.859
QT,8.047
AT,9.5
AT,19.5
WB,8.485
IE,22.5
TF,15.938
TU,10.781
JG,9.468
RP,22.061999999999998
BJ,6.438
RL,6.734
BN,14.266
KT,9.735
EX,12.032
RB,17.234
FE,9.281
HR,20.907
DU,27.0
DF,33.234
IO,11.203
DH,18.281
MF,20.625
GL,11.578
JR,10.406
LB,17.781
IU,16.062
OJ,8.422
OL,8.422
UI,11.672
LP,17.235
XK,9.313
WQ,10.0
TS,10.531
AR,13.61
UM,10.937
VK,7.781
LG,12.016
HF,8.656
ND,10.281
FI,15.780999999999999
QE,8.297
FN,15.218
QN,5.093
JQ,7.078
OF,9.078
MI,14.906
MN,7.828
MN,7.828
PL,14.937000000000001
EV,8.312
DW,10.157
NO,6.547
LM,23.343
OI,9.203
NI,15.797
MX,11.281
GD,6.031
UA,23.468
PO,6.281
NR,21.11
AF,8.0
HJ,12.921
BM,13.656
DM,18.047
GN,17.438
WU,21.328
OW,12.234
TN,14.328
HB,8.484
JO,8.828
HX,18.469
PU,11.75
VW,6.25
RA,19.219
FT,14.657
NJ,26.672
XV,12.859
KM,9.86
XI,10.468
XP,14.563
UE,8.64
DB,7.0
RE,18.344
PR,8.547
OV,13.703
BK,8.422
IF,16.797
VE,10.39
VB,7.141
IS,15.203
MV,8.343
MD,17.437
SM,24.625
MK,7.907
TW,6.234
HQ,5.765
RV,18.125
QP,7.063
KN,4.829
JX,13.375
MI,16.734
GF,5.766
IN,13.704
UV,9.594
KP,4.546
VJ,8.64
KW,10.234
MA,6.969
DG,6.766
UO,22.141
WG,8.75
SP,8.36
SO,6.797
IV,10.047
LA,7.625
LT,10.984
QF,4.657
MP,6.11
RF,9.937
AI,14.813
VI,9.188
FU,18.516
XL,7.203
KX,8.719
BI,17.328
BI,27.328
XO,13.609
PA,6.359
OK,9.765
TO,8.016
PM,4.984
WK,8.812
VF,10.281
MO,5.953
NJ,9.375
NV,10.703
JH,11.437
BK,5.641
PS,7.25
QB,5.828
BW,8.813
AN,8.203
SL,8.016
ER,18.311999999999998
UG,17.157
NA,5.891
MB,16.656
WF,4.985
UX,10.969
HL,8.797
HP,10.656
KU,13.766
ET,7.25
GR,8.219
FR,8.687
GJ,5.75
AM,7.297
JD,18.046
BA,5.969
LO,7.781
NU,11.063
FH,5.359
IJ,19.907
JM,16.172
PN,5.813
KI,10.015
SH,10.922
FT,12.235
FR,9.328
KG,16.797
TD,26.484
SJ,8.187
MA,20.906
WA,11.782
EI,14.781
AO,6.391
OB,4.89
KD,6.25
GW,9.484
KF,7.093
XG,42.375
EH,7.922
PV,17.203
PD,10.782
AP,6.781
LX,10.968
UH,17.89
BM,12.578
JG,8.438
VA,10.906
RH,16.5
RE,17.734
KS,7.343
WD,9.469
PU,14.609
NJ,14.078
SG,7.172
EA,7.344
JK,7.672
OM,6.485
OM,6.485
SO,7.203
KQ,6.937
MD,19.406
HW,8.047
PG,8.157
UA,14.094
GU,41.203
XM,26.328
EX,6.344
BO,9.422
GL,10.515
DJ,22.688
RL,7.656
MX,4.828
PB,24.625
LV,13.375
JX,12.828
VP,15.125
VB,7.078
XQ,6.297
VG,11.703
SA,5.407
HR,12.031
AS,6.125
RM,30.516
DF,7.844
JQ,5.329
VH,23.719
WN,7.844
TG,9.078
PH,29.453
EJ,58.187
NS,16.0
ML,23.375
QR,5.859
DN,12.0
GF,6.203
KO,11.078
DO,7.312
LJ,13.64
UM,14.109
BD,10.843
JN,7.563
US,35.297
UI,14.328
WE,7.422
LT,17.047
XF,18.313
HU,20.375
KH,7.344
IR,10.484
UE,12.703
WU,12.156
XU,57.75
QS,11.141
NQ,5.781
AV,11.547
RX,7.781
FS,17.141
QX,6.235
JF,13.578
WP,8.782
FI,17.547
RJ,10.547
HK,5.61
IO,8.875
DI,29.204
GA,5.063
EW,7.312
QP,4.437
VS,9.406
QG,5.235
LO,10.531
HJ,10.125
HA,5.953
JI,24.531
AM,20.344
ND,8.234
NO,4.156
TA,17.922
BJ,4.437
OR,7.453
QF,5.828
QH,4.406
UD,18.297
WH,9.375
AH,10.546
EB,9.468
UJ,19.313
QK,7.313
JW,7.328
OJ,8.125
AD,13.25
FV,20.516
LR,11.25
XW,7.141
FM,23.218
UP,16.016
XP,13.016
SR,8.109
AF,7.156
JR,9.281
KA,7.265
LA,23.219
HT,9.375
QN,4.375
JV,5.969
SI,9.969
BP,37.438
AT,15.187
OH,12.531
EV,6.36
NL,17.891
UG,26.844
BK,8.328
GB,6.609
AQ,13.421
EP,36.047
FB,11.781
ME,15.422
MJ,15.609
ES,25.656
BV,4.922
UF,15.796
BL,26.485
HV,25.125
HV,25.125
WO,8.953
MT,17.109
MN,11.359
NE,31.984
LM,28.438
PS,20.906
NG,31.016
GI,10.406
QA,10.782
GS,7.234
EM,20.484
WB,5.75
NM,15.141
NH,15.141
XW,8.937
MR,16.89
DW,7.781
VU,40.219
AR,12.859
RU,18.625
KN,5.672
JO,9.375
VK,7.297
SB,7.25
ET,6.422
SF,21.829
XA,34.656
XA,34.656
OV,15.5
IW,21.859
OL,19.422
HM,17.375
RF,12.282
TF,14.688
AW,8.765
TO,7.453
UQ,9.938
JQ,4.968
DB,6.531
DK,6.156
IQ,11.703
DX,15.25
DE,32.828
LP,12.125
OD,5.235
HX,14.484
RV,21.765
XL,9.5
IE,20.64
RS,9.781
IK,13.0
TE,8.953
KT,5.938
UJ,12.344
WK,16.797
JT,6.078
UX,23.954
HF,7.375
SB,8.172
WD,7.203
JI,13.609
BN,16.359
LQ,6.532
GM,8.75
RD,7.125
OP,5.0
AL,9.766
MF,10.687
FV,24.734
TH,9.468
ND,12.297
HD,35.578
UD,17.672
IN,20.235
LE,35.765
WV,6.937
MK,7.328
VB,7.375
BI,19.672
GT,14.204
RW,6.516
WJ,5.079
BT,7.079
MQ,7.359
FN,33.312
AH,9.0
PK,7.094
XK,6.969
DH,20.61
LN,15.0
GJ,13.484
KW,11.265
IS,10.984
SV,6.922
DU,24.015
NT,16.343
GV,12.344
DK,6.969
KE,6.797
LB,36.766
WO,7.329
SO,6.344
WQ,10.062
TX,15.359
AD,9.11
DM,16.766
QV,7.906
LS,8.859
UA,13.766
TB,3.937
GD,4.703
BE,6.906
GN,29.157
WX,5.984
TU,15.813
RB,24.765
GT,7.75
IU,10.922
PL,10.532
OE,7.547
IX,7.578
FE,5.859
FQ,5.438
SX,14.625
PF,26.829
XO,16.703
XV,13.5
HW,7.422
RH,21.156
LS,10.938
SD,6.172
MU,8.531
QL,6.5
KP,5.359
KV,4.578
DH,34.453
OV,10.484
EF,7.125
VX,7.782
PD,7.953
VP,40.172
UE,15.344
EX,6.063
PV,8.969
HR,23.593
XG,18.312
UI,10.937
WA,13.344
JF,13.516
VG,9.469
PB,25.359
PG,13.438
FR,9.14
SG,6.657
OH,33.375
GA,5.297
VH,22.203
OB,6.625
FS,12.875
OM,7.266
GU,22.406
KH,7.296
OJ,8.157
XL,7.672
GP,16.657
DF,8.938
VT,5.157
EJ,19.687
NS,19.235
LT,16.484
RJ,7.797
NE,13.609
MD,11.843
LO,12.563
WT,6.094
OK,10.296
HL,9.093
QG,4.984
HK,6.297
XN,12.078
FI,18.157
BT,5.063
JL,25.953
KG,7.875
GB,6.359
LV,9.266
OU,24.984
QP,5.079
TD,15.922
KF,6.016
WE,5.906
DK,8.015
UG,18.718
RP,10.484
WO,6.485
EN,9.688
UM,14.235
AI,14.656
AP,6.204
AV,10.375
AS,6.203
IA,13.454
TG,14.344
US,13.203
LJ,21.594
XU,17.594
WU,14.797
AJ,12.703
LI,33.125
DA,25.796
MT,23.469
JV,5.735
UH,25.906
LR,7.266
QH,4.625
FD,27.5
LM,17.546
KS,7.438
AD,7.516
LF,38.265
AM,9.765
PH,12.344
JX,27.453
TF,14.328
QR,5.718
WV,6.156
RE,21.25
DJ,13.734
NJ,12.125
NO,5.125
XR,8.172
SP,8.39
HX,14.515
GL,8.5
HA,7.875
VK,6.719
AO,6.093
FV,12.828
MR,23.969
PS,6.859
QF,3.766
QF,3.766
JG,8.719
EA,7.391
NU,13.328
QK,9.032
BO,6.485
VB,6.39
PU,7.813
NR,6.484
TO,9.047
UX,17.625
SH,20.109
SQ,7.109
UL,10.891
WN,6.281
NL,10.953
ML,27.844
RW,6.766
XQ,6.11
QT,6.0
TJ,4.86
KO,7.672
JQ,5.641
VS,11.063
RX,25.063000000000002
FX,15.984
KQ,8.531
FW,7.281
RH,15.828
WJ,5.875
IX,8.641
OQ,7.047
GO,9.078
JN,10.454
HB,7.046
LE,19.969
TW,6.171
UP,8.937
GW,6.375
UF,18.531
UF,28.531
RV,13.593
GI,18.297
IR,10.61
ME,10.61
SJ,11.844
TA,6.406
LA,9.156
BJ,4.875
FA,8.437
JM,10.156
KI,11.5
BP,17.453
SO,6.375
HE,7.75
TK,5.781
TS,6.547
VA,8.203
OR,7.687
UA,14.735
VS,7.625
FJ,8.687
WH,6.485
NR,6.688
KX,6.125
JK,5.265
MP,6.031
MX,6.516
HG,8.328
JH,10.782
XW,6.922
IN,25.516
OF,7.016
BK,5.875
PX,13.375
WL,5.485
WD,6.219
DI,28.75
KD,7.64
UD,19.157
IH,9.797
BL,18.203
NX,18.563
JI,16.36
AT,16.25
KJ,4.281
AH,8.312
NR,5.719
LS,7.797
UK,18.311999999999998
SV,10.844
OI,8.953
XM,5.906
MK,8.422
XO,7.641
BD,6.203
QX,6.375
WG,6.469
TX,11.312
VJ,6.969
IO,6.64
GF,7.203
QN,4.562
RA,8.016
HR,7.047
HQ,4.359
BM,14.359
BM,24.359
IL,15.562
WQ,8.14
NT,12.047
VI,10.032
DO,5.796
UJ,9.563
WB,6.563
VX,9.532
GJ,7.625
FU,9.672
XI,8.656
HU,10.672
FQ,5.968
NV,11.266
TI,8.828
HK,8.14
LX,7.282
DB,5.75
BS,6.312
MN,5.828
MO,5.234
AR,21.344
SB,5.406
JR,6.047
BN,18.969
IV,7.656
PR,11.062
KA,7.578
XA,10.891
XA,10.891
DN,11.094
IQ,11.39
IE,19.734
DW,7.75
GH,5.938
UV,10.046
UB,16.25
MJ,14.235
JB,5.468
DI,98.047
EW,9.938
HP,8.297
OX,10.187
DR,9.078
LS,8.5
XF,15.031
FT,8.031
XT,14.532
SD,7.25
NI,13.39
FG,6.313
UR,9.375
EL,24.39
RL,6.407
FK,6.234
JO,6.406
HJ,7.985
LF,22.203
JD,12.594
VW,5.688
ND,7.703
PI,20.344
SA,7.25
NK,6.422
BI,13.703
IO,7.813
VF,19.657
PJ,16.61
MV,7.109
UQ,7.672
EX,6.14
LG,8.891
WL,7.281
MB,17.204
MU,7.922
NO,5.75
TE,7.219
WO,8.016
VU,9.547
PA,9.047
HD,22.359
JR,8.656
LH,15.094
GT,7.828
IL,14.0
WP,6.609
SL,9.5
SR,7.562
EN,10.203
RM,8.813
MI,15.093
SI,10.204
KV,5.468
RK,6.281
VS,8.703
PI,21.484
VE,7.546
XK,5.875
UW,18.875
VP,12.484
GR,6.172
QS,6.078
QI,11.75
BA,6.468
AX,21.735
IF,23.375
LK,6.203
PO,4.859
DU,18.328
NG,8.0
IH,9.328
LN,8.156
PE,8.984
JW,5.157
OD,5.578
QE,6.906
GS,7.61
EI,17.344
KH,5.343
MB,14.547
BG,8.156
LK,5.906
FN,10.047
ES,23.047
UM,8.015
JG,7.875
ET,6.11
FH,7.609
TO,6.859
KM,5.391
EP,13.188
GN,7.109
IJ,26.907
MF,19.328
SB,5.687
DJ,9.922
BH,7.344
UO,14.531
KG,9.141
OU,10.328
RF,6.25
JT,4.812
KE,6.266
BV,5.641
JL,23.14
FM,11.11
XV,10.094
EL,32.953
VH,33.984
IW,15.172
EB,17.188
NM,8.813
EG,7.515
MQ,5.312
EL,16.922
DE,14.578
NA,10.063
KU,19.469
XN,14.078
ER,21.609
HG,6.531
RW,6.953
GW,9.672
DV,8.266
GD,4.188
GD,4.188
DQ,8.39
EV,5.781
PL,7.953
GQ,6.938
QA,11.328
KL,5.953
OP,5.391
KG,7.562
RD,7.359
WF,5.797
AS,7.172
IR,20.75
KO,25.656
DA,10.531
PD,8.906
UL,10.531
TM,20.969
DG,5.641
UB,10.625
KW,12.047
BW,5.984
DG,4.485
TG,5.609
RS,7.078
TH,5.344
OU,21.375
WK,6.437
KT,4.75
XI,9.75
FJ,10.172
NH,14.671
UW,9.625
KR,7.078
OH,8.516
AQ,8.891
QV,5.0
MU,8.609
NE,11.281
JM,21.969
WV,6.203
FK,8.266
GO,7.14
RE,14.485
HW,7.937
OB,5.5
HG,5.344
PI,18.703
NV,14.859
AG,6.484
WA,16.36
EI,13.906
UW,9.203
XR,9.531
QJ,11.328
LF,9.656
HF,5.875
LH,4.063
IA,12.812
OR,7.922
KV,6.328
DF,25.406
BO,9.218
KF,6.0
FV,29.687
FD,14.719
VK,7.547
TS,9.266
SG,7.735
VT,5.0
HE,8.578
BG,4.5
QK,5.953
PG,9.89
LO,6.266
QP,3.906
QF,4.172
BL,11.813
KS,8.359
SJ,6.922
LT,10.39
DQ,8.079
VB,6.421
KJ,5.468
PH,20.969
GL,7.719
GP,5.766
TD,15.125
XN,16.406
NS,17.344
AV,8.032
QG,5.625
QG,5.625
MT,18.282
FQ,4.391
JF,21.25
UB,21.25
GF,7.812
WT,5.234
AH,6.703
WI,17.782
LA,8.219
XG,12.719
LM,29.375
PX,15.156
FG,5.219
TI,7.859
PV,11.297
BH,8.593
WM,8.75
LG,10.375
VL,30.469
LE,22.641
JI,40.735
EO,17.328
XL,8.985
GV,7.625
ML,26.25
OQ,8.578
IU,9.813
HU,9.797
OX,7.187
WN,9.719
NK,8.0
KW,12.657
HA,6.594
PU,11.469
WJ,5.719
XT,5.11
BR,16.891
EJ,19.078
PB,8.797
XO,12.313
PJ,18.719
PS,13.031
JX,9.609
PE,12.094
GI,11.922
JS,6.547
EG,7.265
BF,12.203
RJ,7.032
BT,3.703
TU,8.672
TX,11.531
AM,7.625
EL,16.093
UI,11.688
MB,15.453
AP,6.313
VG,5.234
PQ,5.969
AO,6.11
JN,9.219
MD,20.266
UK,11.594
VX,7.875
WL,6.828
KL,5.063
LI,20.547
LG,8.672
FA,6.125
DQ,6.938
GQ,7.344
HM,10.14
HR,11.063
HO,6.125
BD,5.594
FP,17.719
SF,11.484
SD,48.5
LJ,33.078
UF,9.922
RV,18.688
SM,21.188000000000002
AX,10.781
OE,15.516
DI,16.656
VO,10.765
KP,5.797
IL,25.25
JQ,6.828
BQ,6.672
TA,7.266
UA,17.469
KA,6.969
LV,20.436999999999998
WU,19.641
LB,10.281
US,21.235
FR,6.484
RH,12.422
BJ,5.235
VF,20.078
GM,7.625
KH,4.938
MN,5.015
MX,5.984
JL,15.75
UM,7.875
UD,20.484
QS,6.328
UG,10.391
WO,6.812
QA,10.375
RK,5.625
FS,8.734
OL,4.984
VA,7.625
NF,7.859
UL,7.891
UE,18.891
GU,20.703
EA,30.125
BI,13.407
FI,20.031
SO,5.562
DV,8.984
IN,11.438
UH,19.297
OV,14.547
OK,9.906
EN,6.75
XM,6.813
OW,6.922
GA,4.015
OJ,7.171
QR,5.735
NJ,9.125
WG,5.844
KQ,6.406
VP,8.641
SK,7.468
AD,7.266
SV,5.828
TW,4.562
SA,4.609
FN,7.344
JG,7.672
RW,5.094
KM,4.907
DA,5.844
QH,3.11
QH,3.11
WD,6.937
OM,6.391
LS,6.64
HB,6.859
EX,5.391
GT,7.156
RX,9.188
HT,14.829
SL,7.735
XU,10.797
JK,6.687
AT,8.563
BK,6.141
GV,4.922
EI,18.859
IS,10.14
SH,11.297
SI,10.687
ST,7.515
BP,7.14
GB,6.937
EO,8.875
FK,6.438
LF,18.797
KI,9.797
GJ,6.234
XW,5.937
KH,5.14
TO,7.312
WX,5.281
VS,8.547
XQ,7.625
HK,4.812
FX,13.938
KE,5.141
AS,4.968
VI,23.234
VI,33.234
GR,7.828
ET,5.891
FT,8.219
TH,8.109
UL,7.375
FN,7.891
RP,11.906
EM,9.672
XK,5.063
JV,7.375
WF,5.906
WV,7.141
LR,6.968
IQ,9.25
DB,5.453
TM,22.5
KG,7.344
LQ,5.641
JM,12.14
ME,11.812
AG,4.531
UQ,8.172
UP,8.547
OU,7.578
OH,6.297
DH,18.422
ND,10.235
QL,6.281
AR,9.156
BM,7.469
OF,7.547
JP,9.188
BF,14.297
AX,10.313
SB,5.422
JS,6.812
RB,8.922
LK,6.203
NG,7.453
DM,9.391
BV,4.297
UJ,7.344
FL,12.437
TH,18.016
JT,4.594
RE,21.734
IT,8.765
AW,13.359
WB,6.0
NT,11.078
AX,6.797
RF,9.407
DK,6.047
AI,8.672
LN,12.875
WE,6.5
VF,9.39
AQ,7.875
SQ,5.735
FE,4.656
NM,6.64
QJ,5.625
KR,6.313
LI,15.531
FB,8.329
SX,5.985
UX,8.141
WP,6.218
FJ,14.64
GR,7.547
NI,16.141
RB,8.343
KO,9.344
NL,6.531
EF,5.406
TG,5.235
NO,4.219
AJ,7.469
WH,6.531
BS,6.188
DN,6.047
TH,9.359
FU,9.781
GO,5.047
PD,6.281
DW,5.954
BE,9.828
HW,5.687
LX,16.765
KL,5.125
DJ,10.953
IV,8.031
NE,11.047
XE,7.875
QV,5.484
PF,17.234
VH,24.063
XS,9.843
IG,11.984
VJ,5.813
QT,4.563
IG,7.14
QN,4.594
OI,8.188
GW,6.844
EP,9.516
JR,14.266
EA,5.922
DE,13.609
NU,8.062
HP,8.953
WK,8.125
DJ,8.985
PS,8.562
JH,12.36
PA,5.719
IO,6.75
AV,8.984
HD,21.0
SK,7.578
LT,9.766
IR,24.421
OV,15.328
BT,4.703
TE,6.297
HO,9.172
BA,7.86
HG,8.969
MV,7.235
VX,8.281
JG,9.187
WM,7.422
RL,4.828
VU,8.36
FM,8.031
MP,5.938
SP,7.703
JP,13.485
UR,7.844
RK,5.812
FL,11.563
DH,12.453
WI,10.75
FD,20.704
OB,4.203
JS,6.812
XT,8.86
TI,10.438
FP,17.329
QX,6.375
RA,12.609
BQ,6.281
IE,14.703
TL,5.532
MU,13.187
BH,6.718
BN,18.891
VL,19.125
RK,7.25
PV,9.297
VQ,6.828
KA,7.157
XE,5.797
KX,4.953
RM,20.782
RA,9.906
FA,6.531
DU,16.61
UA,21.641
PV,8.422
TF,8.219
EG,5.109
TL,4.531
UO,15.562000000000001
UV,11.063
XR,8.781
FD,24.625
LK,6.156
LA,8.422
VB,5.313
WL,7.453
JW,4.656
EO,9.828
XG,13.859
MF,8.796
AG,5.922
KF,5.687
TX,11.157
SK,7.953
GF,4.859
IL,12.219
LJ,22.86
WI,9.235
VQ,7.0
JX,12.734
XN,22.188000000000002
AS,5.781
PS,7.593
KI,9.297
UE,21.546
NF,19.547
UB,17.75
PQ,4.421
LE,19.797
KJ,4.219
DA,9.078
FJ,9.718
OT,6.797
FG,5.687
MJ,9.797
EO,20.219
QN,2.703
ML,19.0
HR,10.906
PX,21.186999999999998
PX,31.186999999999998
OX,8.563
JN,8.031
BG,4.782
KV,4.594
MR,16.156
PU,16.469
HI,7.563
LH,10.781
DF,18.157
KS,7.922
IP,30.266
QK,5.532
PJ,14.0
SP,6.75
MK,6.61
AD,6.688
SD,5.453
BO,4.922
HE,9.156
RQ,5.922
VS,8.0
FV,9.906
GO,8.141
RH,13.329
MR,8.813
UK,11.407
XB,11.735
HP,7.968
XE,4.734
JI,12.234
SJ,6.172
MT,21.734
OQ,4.766
SG,6.797
QD,5.313
NV,10.156
IG,8.391
WN,5.343
TD,8.984
LB,20.954
JL,8.953
IT,7.75
UI,12.718
EN,6.985
LO,7.703
FQ,5.157
KR,4.375
GX,12.297
DV,9.438
XL,9.016
JE,20.047
DO,5.453
PE,8.641
UH,12.687
MN,8.922
DH,12.719
GI,9.86
DS,5.719
UL,7.594
UD,14.953
AX,9.984
PK,5.765
BI,14.203
QF,4.593
VG,7.328
PO,5.766
QP,2.812
GT,6.531
WJ,4.984
OT,7.969
IA,10.36
SD,6.5
QJ,5.485
WS,20.561999999999998
VL,19.0
HA,6.953
FM,26.0
EJ,22.5
PH,7.954
GQ,7.109
XS,10.656
UR,8.969
VA,9.172
GP,23.407
JP,10.078
WM,6.812
WT,4.906
BL,9.687
VT,5.093
OH,7.0
AG,5.703
OU,13.359
AH,6.781
MI,9.625
DW,5.782
KL,5.812
SG,6.844
XB,11.063
BX,13.437
NF,9.453
TM,29.032
IN,16.938
MD,12.406
JS,7.125
FI,22.844
RU,8.047
QD,6.359
RE,21.313000000000002
SQ,9.64
PB,11.5
OR,7.703
EB,14.844000000000001
NE,9.0
QR,4.921
DI,15.469000000000001
XT,4.828
GA,4.594
UM,19.703
PG,6.891
FN,9.156
NS,29.437
HI,8.735
RV,11.953
QM,4.891
JF,8.39
LI,17.391
AV,11.141
VP,14.094
SH,7.25
DQ,6.094
WI,10.297
DJ,9.782
SB,4.922
AD,9.204
WA,11.719
KP,6.515
GN,7.969
LF,11.234
WB,6.187
HK,9.765
RM,13.328
JQ,6.265
XN,12.437
VN,7.484
FD,18.453
OX,10.516
QG,5.375
BQ,4.906
PV,18.969
IL,16.625
XQ,6.156
HO,14.984
VQ,5.578
IP,22.344
BF,7.297
NK,5.562
HG,5.859
TP,9.531
DF,9.547
UG,18.547
PD,5.984
RA,10.406
BJ,4.422
LB,15.625
AO,5.312
ML,23.547
NJ,7.984
FK,5.437
KQ,5.625
BW,7.297
US,18.797
TI,11.718
IT,5.016
JK,6.657
LV,17.657
ND,7.953
PJ,10.234
XM,6.0
KG,6.453
TX,8.953
OM,4.672
TO,5.687
RJ,11.282
LR,6.625
XR,5.421
JE,22.718
FR,8.86
NK,5.5
SJ,6.719
WU,13.203
RW,7.797
FP,19.938000000000002
GL,7.328
BG,5.234
RP,7.578
BK,5.703
DA,5.922
GX,9.984
TS,6.922
LM,30.188
XW,5.938
OB,4.297
AT,7.453
XI,7.172
VK,5.969
IH,8.812
NA,6.11
AP,5.985
FW,6.5
XO,9.812
WV,5.062
HW,7.891
FL,9.14
SV,10.172
QI,9.531
FS,8.156
AM,5.984
JR,7.875
DB,5.953
KH,5.813
VM,6.062
FG,4.766
KO,9.187
GK,6.297
HE,6.906
BP,8.047
GQ,7.468
PW,5.203
SK,6.719
OX,9.313
VL,17.281
VQ,5.938
SU,16.703
IP,18.515
LX,8.047
KF,4.797
PE,10.328
AV,8.328
DV,9.328
OJ,8.187
FK,5.469
SO,5.703
WS,17.125
KJ,4.766
BH,7.422
XB,5.11
WD,8.64
BD,5.344
GA,5.484
QH,4.906
IT,11.625
EG,5.344
WR,5.969
BA,6.781
EN,10.093
GS,5.75
FH,6.093
OT,6.313
XG,9.938
GD,4.688
GM,7.953
MX,5.64
RQ,6.438
HL,7.734
GF,4.484
UB,18.031
EV,8.547
BF,6.625
QM,4.5
QD,9.297
PX,8.468
TM,24.281
TE,6.093
JE,17.765
NI,14.828
BX,11.984
WT,4.562
WJ,4.891
XL,10.375
XU,14.953
XS,9.078
AG,5.578
VN,11.094
AU,11.906
TF,7.141
EX,5.079
DS,6.906
QA,11.218
SE,15.391
KN,4.859
ES,9.203
IS,13.484
OE,11.125
BG,4.781
HG,5.156
LE,17.656
HI,15.453
KR,4.656
WM,5.359
QJ,5.656
XW,8.875
SA,8.546
WN,6.64
LI,12.672
HO,7.188
MW,6.656
NE,7.14
PB,8.906
FT,6.5
TP,7.078
QP,3.875
GR,7.25
GO,5.422
AS,5.859
LK,6.172
KT,5.422
FA,6.64
VP,9.375
WL,5.25
UF,8.047
OU,8.984
OQ,4.562
PK,7.86
MA,5.797
RV,7.375
MT,12.047
PQ,6.86
QG,5.704
RF,6.61
UK,14.469000000000001
ML,23.25
VB,5.109
IA,9.719
GU,16.875
RK,7.125
XE,5.453
FJ,10.703
DF,12.422
LO,8.187
IG,9.094
TA,17.235
GI,8.125
VT,5.735
NS,8.484
JX,7.172
GP,10.344
GN,4.703
LS,6.703
PH,13.484
UV,8.078
EO,7.219
OV,8.469
JL,14.75
GJ,6.235
NK,6.922
TI,6.828
NO,6.86
VA,5.812
UV,6.75
WO,6.641
HA,6.735
AX,7.969
DN,8.36
PJ,11.937
LW,6.391
IN,11.437
NF,11.344
JS,6.344
AR,6.782
MH,7.266
AB,5.781
AJ,8.703
OR,7.016
DP,7.11
HU,8.063
HL,10.938
OH,8.0
TG,7.313
VS,6.891
TW,5.344
OI,8.594
KQ,5.766
VH,18.484
MU,8.656
KV,3.797
MA,7.141
WI,11.016
GB,3.469
GX,8.734
LF,11.812
JV,4.531
GW,8.703
HB,5.813
JG,5.906
KS,6.062
WU,12.891
MJ,9.141
KB,5.968
IR,12.032
EA,6.094
UE,10.766
WG,7.109
RA,9.609
FV,9.25
HD,15.25
RD,8.297
KA,5.61
RH,11.281
LT,18.422
SE,20.922
FQ,5.719
HK,6.469
BT,4.594
UH,8.078
OL,5.922
OS,5.656
IE,15.078
SD,5.453
IU,8.938
UP,7.531
LA,6.781
GT,6.36
PG,6.125
VG,6.328
JI,21.968
RE,24.39
UX,7.672
BO,5.047
JN,7.937
UA,14.405999999999999
QR,6.328
QK,5.516
XT,7.531
BQ,5.484
BM,8.14
SB,4.704
SG,6.5
VM,11.016
MW,6.75
UJ,15.875
UL,8.438
AH,7.156
TQ,4.937
JP,8.219
BE,13.937
DK,6.969
PD,6.516
MN,5.203
OW,7.265
HR,7.265
WB,5.891
EJ,9.204
FL,8.078
ET,6.281
RJ,6.594
UI,6.969
XA,10.703
NA,7.234
LB,13.562
RO,6.954
MD,12.328
UP,7.64
PR,8.891
JQ,5.078
UQ,6.609
KD,6.0
DQ,6.359
XN,9.328
MH,6.25
AB,4.953
LJ,9.703
KL,6.468
LV,20.766
FD,10.844
PS,7.75
IL,11.562
JF,5.407
PU,8.781
IE,11.625
GK,6.093
ED,10.328
EM,10.719
AI,15.719
QF,4.719
WE,8.266
QS,8.687
ME,5.828
UD,9.5
HX,18.735
AD,6.578
JG,6.64
FW,5.406
XQ,7.125
BI,10.406
PV,9.39
ND,6.203
TP,7.578
SU,16.672
XR,5.485
QP,4.547
HM,8.063
JK,4.609
ED,9.844
FI,20.594
FT,5.454
AO,4.859
PW,6.0
TX,7.109
LM,22.765
DI,18.094
WS,22.656
DB,7.187
UM,23.515
OM,6.328
JA,7.812
RQ,5.906
QO,3.438
SH,8.75
HE,5.453
FS,6.781
LW,6.031
SJ,5.969
NB,9.203
HS,6.14
KG,5.0
QW,7.453
QO,3.781
QO,3.781
BJ,4.36
UK,11.078
TD,6.094
QW,6.672
KD,6.157
IS,8.125
GK,4.828
KO,6.36
KB,3.953
NJ,6.203
BL,9.0
DS,5.563
XM,5.688
ER,12.016
TL,4.296
AM,5.11
RO,6.719
IM,11.141
OB,4.766
AX,8.984
VG,6.0
HW,6.812
VK,4.313
PW,6.953
FR,6.172
ED,8.187
LR,8.36
AB,6.234
AV,5.984
PX,7.937
WR,6.86
JA,7.657
PQ,4.032
WV,5.578
XE,6.235
US,18.328
RW,5.079
MW,7.328
RO,5.062
DP,5.844
FH,6.063
LW,6.797
DP,5.547
SO,5.032
VM,10.36
RO,5.485
SU,16.625
GK,5.062
JA,6.344
DO,3.969
XD,11.75
WN,6.141
UG,18.594
HI,9.219
PB,7.375
TQ,5.64
AQ,8.734
BU,9.828
ED,9.656
DJ,7.625
MH,7.5
EM,5.219
PW,5.0
GX,8.532
NS,9.265
PE,9.0
HG,5.25
XD,6.063
QD,5.328
DB,5.079
BO,3.656
EJ,26.266
FU,7.266
KR,4.844
BK,5.109
KP,6.453
IM,9.797
AP,6.953
VD,9.766
QU,6.594
HN,10.89
WS,14.030999999999999
VD,8.047
TO,6.547
XB,9.188
IP,12.047
MW,5.953
JK,4.469
KB,3.687
BT,3.39
AH,5.375
BU,9.047
BX,7.625
BF,5.047
DA,5.891
OT,5.469
UO,10.781
JD,20.563000000000002
GQ,5.344
LW,5.812
SE,15.078
AG,5.391
HE,6.219
OQ,4.657
EM,6.656
VM,5.922
EL,19.797
QU,6.188
TQ,5.516
VN,7.828
WR,4.657
VD,13.641
DE,8.391
TP,6.094
BU,13.828
MH,6.266
NF,10.172
PJ,10.312
FN,8.219
TI,8.172
QD,7.5
UV,11.469
LO,6.828
HI,7.875
FG,5.14
IA,12.75
FT,4.875
GL,6.812
VQ,4.578
BG,4.688
QJ,4.829
VQ,5.469
XB,9.516
QM,5.359
JF,5.078
HN,7.859
QU,6.016
BU,11.953
QJ,5.235
AB,6.531
SF,6.328
JE,11.531
ED,6.531
SX,7.578
GX,8.891
JA,5.687
TR,16.938
XG,6.172
JA,5.938
TR,7.031
BF,7.562
WS,10.156
IP,21.672
RQ,8.687
IA,13.046
DS,5.328
WJ,5.218
BL,8.859
GF,5.688
XO,9.046
TR,6.86
FA,6.75
IG,8.141
JS,6.61
BQ,5.594
EN,6.843
SK,8.609
WT,4.016
XA,10.907
KB,3.984
MF,8.218
SU,14.469000000000001
TN,11.937
WN,4.844
SE,16.937
SE,26.937
XI,7.063
DV,9.047
AB,5.5
HE,6.032
TR,7.015
VL,7.172
VD,8.406
RO,6.234
HN,7.61
OE,10.0
HE,6.203
EL,17.719
RO,5.938
HN,5.344
BV,4.421
AT,6.5
QU,6.688
VL,7.594
QU,4.688
SU,14.812999999999999
QW,7.063
JQ,3.313
DP,8.906
SR,7.125
AG,4.797
WU,10.063
MP,7.172
MU,18.561999999999998
FS,5.438
TP,6.797
PQ,4.047
KV,4.281
BP,7.109
TM,21.25
WS,7.703
VT,6.547
OR,6.609
TP,7.25
BH,4.718
KF,4.782
OR,7.172
ML,19.281
SE,17.485
NT,12.296
SQ,5.437
OQ,4.672
HO,9.313
XE,6.547
IV,6.0
VT,4.39
RB,6.359
JD,5.359
JW,6.0
JM,17.969
HI,8.937
LK,6.39
NF,6.0
UG,12.391
FI,11.641
TJ,5.953
KJ,4.328
TG,6.532
WR,5.875
KH,5.578
VA,8.532
PU,7.547
QW,6.281
PB,7.172
OX,23.125
KB,4.578
EO,9.766
OW,7.656
BQ,4.968
BF,8.937
BS,5.843
FL,9.516
TQ,5.5
EX,4.813
BU,18.859
WK,8.828
JA,7.391
GT,6.328
QA,10.391
AF,18.186999999999998
XS,8.031
MH,6.578
RP,5.375
VD,9.609
QO,3.593
FL,9.875
RV,5.89
DA,7.86
LG,7.5
KQ,6.609
BX,9.516
MF,7.906
IX,8.125
VL,7.187
PX,10.109
LW,5.438
VN,7.297
GB,3.75
LH,7.422
JR,9.922
LS,6.672
QR,5.094
QM,4.625
VK,5.875
TR,8.312
FQ,3.953
AV,6.031
JL,12.078
IM,9.157
JN,12.781
PW,6.188
PH,7.985
SU,19.311999999999998
IT,6.515
FS,9.562
DQ,6.953
OT,7.61
NK,5.953
GP,6.468
JQ,4.703
KI,6.672
MT,20.89
JP,7.469
EG,5.375
FK,5.234
RQ,5.172
VW,5.406
JL,5.813
XD,5.75
DH,17.907
VM,5.235
GP,6.031
NP,6.203
BX,8.891
BH,7.203
TR,6.5
NP,5.234
JS,6.532
RU,9.438
HN,7.437
HA,7.922
HG,4.234
JP,7.891
SE,18.609
FL,9.719
XD,5.546
QM,3.969
VD,10.859
IG,9.984
EG,7.328
TS,6.687
LS,6.344
QO,3.891
RE,26.437
FG,5.063
DE,8.172
WU,14.219000000000001
LK,5.563
ML,18.561999999999998
EO,7.296
HN,7.781
WL,5.329
IT,8.047
SK,9.547
XD,6.765
WV,4.547
LM,8.547
XN,8.453
WD,5.703
PU,7.453
MW,5.812
TI,6.469
GA,5.578
TX,8.188
DS,10.391
BJ,4.094
KR,5.968
GJ,5.39
BS,5.797
DX,5.047
UH,17.594
GQ,5.687
KV,4.328
SD,4.735
SG,6.687
JI,19.875
JL,18.219
IG,8.969
NP,5.875
OT,5.985
TR,7.938
JU,11.765
TW,5.047
JU,11.968
GT,6.578
DP,6.593
QW,6.766
QK,5.313
SG,6.047
VN,10.734
QU,6.328
XH,9.328
SB,3.828
TK,5.672
NW,6.156
QD,5.391
MR,16.688
WS,8.719
RQ,5.766
NW,6.375
JI,8.547
GK,5.765
XH,7.203
XL,5.672
EW,8.734
JS,6.516
KJ,3.344
JX,8.093
FR,6.125
TM,20.031
PL,8.75
QU,5.828
KM,7.203
VD,7.032
EU,17.375
PW,6.5
PW,4.859
EU,9.156
GW,7.812
FG,4.578
RQ,6.046
EU,4.719
XL,5.078
WL,6.328
PQ,4.219
EU,5.047
XO,7.5
BH,6.813
BX,6.25
BJ,4.954
TO,8.187
MH,7.828
QG,4.672
NA,6.906
WA,12.047
SW,9.031
XH,10.625
WE,7.281
XH,6.25
SK,9.031
ED,9.609
AB,6.407
UB,6.328
PW,6.469
LF,9.578
SW,11.171
MG,7.046
MG,7.547
BQ,5.062
WX,6.094
JU,8.469
RH,14.766
WT,5.094
WR,5.312
BU,15.734
OT,8.703
VB,4.766
NP,5.266
JU,6.656
NX,8.484
KF,4.485
XD,7.328
MG,7.359
OT,4.515
SW,10.922
RP,7.5
PG,6.578
BD,5.797
XU,12.281
VG,7.0
GK,5.422
PH,16.047
KB,6.359
XA,8.234
SW,8.906
HO,7.954
IP,10.796
NP,5.687
FK,6.828
LF,9.281
WR,6.719
QM,4.796
EG,6.172
XS,6.547
SB,3.828
XS,8.859
WK,19.141
NW,6.235
NA,5.782
JB,4.313
SN,7.735
SV,5.797
PV,7.406
EB,7.14
AD,6.453
TW,4.219
OI,8.188
MP,5.828
UJ,5.859
TJ,5.109
US,15.937000000000001
MF,6.922
SN,7.344
OL,6.484
SN,5.484
SW,8.203
MO,4.984
VD,9.078
KO,9.891
OU,8.844
GB,4.141
TL,6.407
JU,5.953
EV,4.938
PJ,9.062
BG,6.5
SN,6.047
GW,7.875
MU,10.578
TD,9.813
KL,5.157
GQ,6.578
GK,5.859
PE,10.453
TE,11.984
MU,9.234
SN,5.969
IS,9.219
RW,5.484
TN,9.984
MG,6.375
DN,6.453
NA,4.734
DS,5.593
WQ,7.407
BA,5.343
TD,8.062
EX,5.078
JP,6.547
NW,5.875
EG,5.234
XB,9.563
QO,3.968
EN,7.594
RW,5.438
AB,6.343
GI,7.437
FV,13.203
WL,5.234
LV,7.25
UK,11.968
ED,10.5
FG,5.313
SI,9.641
XH,8.312
VM,6.391
BM,13.61
KD,6.188
JD,11.547
TV,7.781
RK,6.156
LW,5.766
LI,18.766
TV,5.187
TV,4.953
KJ,5.219
TF,5.906
ME,7.719
IP,18.531
KH,6.204
TV,4.297
SJ,5.656
ER,8.609
UK,10.984
NP,6.781
XV,7.438
KE,5.094
SU,15.016
NE,8.25
NO,5.14
KI,9.532
QP,3.563
QH,3.844
FA,6.672
MW,6.438
NS,6.641
RH,8.016
MT,8.844
QW,6.203
IA,9.984
IM,17.625
SW,10.094
IT,7.672
XH,8.672
QJ,6.938
EU,9.64
PS,8.641
EA,5.766
WI,10.891
AS,8.031
TI,5.641
GI,11.937
XM,5.36
VF,7.328
XH,5.969
SU,9.703
LJ,8.312
KF,5.766
EB,19.39
LV,7.562
DK,5.547
PV,8.672
OA,5.578
JU,6.125
MT,11.406
AB,4.672
WM,5.563
WM,7.453
MG,7.937
XA,8.125
BR,6.516
NS,7.703
WM,5.938
TV,3.5
OA,5.266
NB,8.438
MX,4.703
NJ,6.579
FR,5.765
OA,5.11
OQ,4.141
MH,6.391
OA,4.266
VT,3.641
XG,10.609
LW,5.485
ER,10.188
TM,9.375
VS,6.407
GO,5.219
KB,4.594
IT,8.281
IK,7.734
KQ,6.188
VQ,4.86
VH,13.0
BF,9.109
LE,24.186999999999998
UR,8.25
TQ,6.625
SP,6.579
SW,8.703
FN,9.0
XE,6.39
RK,7.235
OE,6.843
JE,9.891
WO,10.265
NK,5.282
XU,10.109
AO,4.812
PX,7.437
QJ,4.922
NW,7.031
UV,7.938
UM,8.172
DP,6.422
DI,16.203
PR,10.703
OA,4.781
DV,7.984
QF,4.391
AP,5.469
TX,5.25
AJ,8.297
BP,7.953
WR,5.0
KS,8.032
NM,5.719
HN,7.609
IM,16.0
HK,7.171
DS,4.922
TJ,4.093
MG,8.046
FQ,4.687
GO,6.297
UD,9.578
GL,7.375
IJ,18.375
XD,7.109
WI,14.437
GU,9.188
BQ,5.469
PB,5.907
UG,18.266
XD,4.828
TA,9.141
SO,5.234
MH,7.453
BR,6.265
UK,16.468
UK,26.468
XR,8.968
DF,18.891
SJ,7.156
JE,18.563000000000002
ND,7.735
HR,9.891
UI,9.594
JK,4.86
HU,9.25
EL,22.25
WR,4.438
AI,9.125
KJ,4.234
NK,8.047
IE,9.657
IN,10.593
VN,6.782
SN,6.25
PL,8.375
PG,6.813
UI,13.547
NW,5.781
OU,6.25
VI,8.157
UF,7.984
EU,7.75
TQ,5.281
OB,5.0
JX,7.109
FI,12.312
DP,5.329
VT,4.328
NR,7.641
JM,7.344
JE,20.063000000000002
XT,7.093
XH,6.125
HD,18.469
TV,6.344
FD,17.422
AF,7.109
JU,6.391
KR,5.078
PE,12.5
IM,9.141
IP,7.203
US,17.078
QW,7.375
FM,11.672
OQ,4.75
TV,3.953
JI,10.015
WI,12.532
BH,6.094
XP,11.531
HO,10.266
RV,8.266
OP,5.703
UB,7.61
SN,7.688
LB,9.703
GX,11.109
WJ,5.281
IM,10.39
QO,4.891
FA,5.063
KG,7.375
MB,13.406
FJ,14.016
OX,5.5
LI,12.844
OA,4.985
PG,10.375
TD,7.375
WQ,7.141
TX,10.907
XN,7.313
GN,9.765
DQ,6.969
BU,7.937
JN,6.812
WJ,5.047
OT,6.063
BX,7.484
VN,7.188
DV,11.094
PB,5.907
TR,6.907
LT,6.828
LK,6.313
RH,17.891
RD,6.953
FD,8.515
QW,8.156
TP,5.766
KR,4.953
AS,7.016
NI,12.438
VQ,4.75
QD,5.922
WO,9.797
BX,6.14
EO,7.343
QM,4.297
XB,6.719
WT,3.75
FA,5.735
VI,8.109
JS,5.656
LT,8.219
HL,8.625
OK,8.125
BT,4.453
SE,16.937
UW,8.828
QD,5.438
HU,6.797
PD,6.797
KL,5.094
SQ,6.171
XB,6.828
KV,3.765
PG,16.641
LA,7.687
LG,8.734
TQ,3.985
RH,12.843
PJ,8.812
LM,26.906
VP,10.453
WO,5.375
NP,4.906
DV,6.937
GI,7.969
WL,5.656
QK,6.484
OX,6.875
KO,6.86
NL,10.282
WD,6.516
MW,6.438
GT,4.969
VM,4.625
JE,14.953
DQ,5.485
NP,5.594
TA,6.312
GO,4.672
NX,7.938
AX,7.203
TE,6.734
BI,17.953
OA,6.641
UE,6.985
BT,3.578
WV,5.063
VN,8.437
EN,11.766
AM,6.5
JP,6.797
TP,7.61
XT,6.625
RO,6.781
HA,5.969
DS,5.969
OM,4.812
GQ,4.735
JU,5.907
VL,6.5
UQ,7.672
HF,6.172
DT,6.703
MD,8.109
ED,9.656
DT,7.984
IM,7.812
MQ,4.578
DT,5.156
LW,5.313
IB,8.218
IB,7.828
FQ,4.968
IO,9.312
EU,9.187
LN,7.75
IB,6.547
VU,7.5
TV,5.906
SN,18.719
UB,7.156
MN,4.828
LN,6.078
IB,5.609
UO,19.719
FK,7.203
LO,7.75
QU,7.422
EA,11.828
KL,5.453
WD,5.766
GK,5.594
NW,6.188
BU,6.766
RJ,9.656
NF,15.953
WS,9.797
XQ,6.531
DT,6.75
RL,5.781
WA,13.703
RI,18.422
IB,7.281
WE,7.937
DT,7.812
GF,5.015
RI,8.219
RI,9.562
IA,13.969
OA,4.718
HP,10.062
IB,5.859
UH,8.719
AR,9.86
RK,5.953
HI,8.344
MK,5.797
LI,8.0
IL,5.844
RI,10.031
AL,8.031
SH,8.937
KS,6.234
JF,7.547
LA,6.719
XR,7.125
NE,8.234
NW,5.781
MG,8.312
RI,7.063
FM,10.391
MW,6.578
RI,5.984
BP,6.281
FX,12.625
PQ,4.141
VK,5.015
HN,6.484
NW,6.532
HO,6.485
UX,8.297
MD,14.313
IE,8.922
VG,8.188
EJ,25.469
UH,8.016
GX,10.093
KG,6.14
DT,6.734
FD,21.453
XA,7.484
FJ,6.61
UL,6.25
XR,4.969
XT,8.546
UA,17.203
BL,9.672
GP,7.25
LE,27.281
IL,9.672
WT,4.765
XE,5.641
RO,6.312
WM,6.844
VP,8.875
DP,6.656
SW,8.125
TM,12.39
RI,8.188
DT,5.469
OV,8.313
VM,6.859
QM,5.453
SD,5.64
KS,6.657
VF,8.156
US,16.735
GP,7.297
UM,7.766
XS,7.578
PH,7.235
OB,3.907
XS,6.672
GM,8.829
EU,7.469
JA,6.922
UL,7.984
XG,9.796
FL,11.594
PE,8.813
HI,10.375
RQ,5.656
HA,6.937
QO,3.406
AG,6.657
OJ,8.156
NF,9.578
LE,18.672
FJ,6.125
KB,5.672
DA,7.125
IG,9.234
EJ,20.156
JA,6.531
DT,5.312
OH,7.969
PQ,5.266
HW,6.218
HA,5.266
BD,5.594
FV,7.547
ND,8.782
HM,7.891
RI,6.312
GX,7.203
PD,7.531
AH,5.719
OJ,5.25
SK,7.828
OH,7.062
GA,5.375
LJ,6.047
IM,8.797
RN,10.172
RN,5.109
RN,4.422
AV,5.641
RN,4.312
DI,18.265
RN,3.531
UF,9.437
IB,20.031
RN,4.406
VS,6.203
EJ,21.532
RN,4.5
MG,9.969
GE,4.985
BG,3.906
EJ,20.188
VR,7.188
GE,6.172
VR,8.0
VR,5.985
GE,5.187
VR,5.469
VR,7.063
GE,4.407
GE,4.891
GE,5.032
NO,4.359
GR,5.5
DL,7.859
TQ,5.656
HX,9.656
LI,11.25
JP,9.938
MS,8.797
VR,7.063
DL,4.765
VF,9.188
VJ,4.953
MS,6.297
TJ,3.969
MS,6.265
MS,6.578
DL,4.172
GE,5.578
DL,5.359
MS,6.765
IK,7.688
DL,4.328
GE,3.922
AE,6.141
AE,6.063
NI,11.5
AE,5.625
TN,11.656
DL,4.516
AE,5.453
AE,5.593
AE,6.188
RN,3.609
XN,8.625
LU,5.562
LU,4.469
DV,9.703
AF,6.281
DL,3.984
LU,4.625
DL,3.859
PT,9.485
LU,5.156
PT,7.484
PT,5.532
LU,4.313
PT,4.157
PT,5.188
PT,4.141
IF,18.936999999999998
PT,4.359
UD,17.844
LU,5.39
MS,9.282
MS,5.297
LU,4.781
VR,6.094
IO,10.438
MS,6.093
ID,14.125
ID,15.078
ID,11.765
ID,5.797
ID,5.594
VR,5.422
EQ,7.047
ID,7.828
EQ,5.171
AR,6.547
VO,7.485
HJ,9.547
EQ,5.359
EQ,4.625
UN,11.796
UN,6.047
UN,5.485
JM,5.735
EQ,5.234
HA,6.812
UN,6.296
LU,4.594
FP,17.703
HA,5.656
GU,9.25
PT,4.546
UX,6.938
AX,6.172
FB,6.531
DM,6.5
FQ,6.156
VL,6.328
GK,4.531
HD,15.875
MA,5.578
ON,5.14
UN,5.422
ON,4.468
ON,4.297
ON,3.422
UN,7.359
ON,3.344
UN,5.484
ID,6.14
IB,9.172
IF,9.75
PR,6.656
UH,7.375
UO,9.156
HU,17.469
TW,4.516
AI,6.296
LJ,8.75
QA,8.547
XJ,6.859
XJ,4.812
XJ,4.078
EQ,4.922
XJ,5.187
ID,5.719
UX,5.515
RT,6.829
ND,6.438
RT,7.625
XJ,5.984
ON,4.125
RT,5.5
XJ,3.75
XJ,4.156
VE,5.515
RT,6.5
RT,4.656
IJ,16.985
GP,5.25
XJ,4.703
OG,6.516
GE,5.781
OG,4.875
OG,4.672
BM,13.578
EQ,5.375
LN,5.172
OG,4.297
AE,6.437
HT,7.031
UN,5.547
NH,8.313
FO,6.344
AU,14.922
FO,5.484
FO,5.016
FO,4.641
FO,11.406
RT,5.453
RT,4.672
ON,4.156
US,14.828
FO,4.532
OG,5.11
ON,4.266
RG,6.203
RG,5.266
OG,4.578
RG,4.797
RG,4.297
SX,6.282
MF,8.859
OG,4.328
EQ,4.016
WA,11.766
LM,23.125
UT,6.734
UT,5.484
UT,4.766
FO,4.594
OD,4.422
UT,6.031
RG,6.359
UT,6.078
RG,4.687
RG,4.532
UH,6.984
AE,5.719
AK,5.734
AK,6.812
HI,10.125
UT,7.969
RG,5.875
FU,10.828
LJ,15.375
ML,24.453
NB,16.281
MT,9.516
UW,11.218
NB,10.438
XU,10.625
MR,20.203
SE,14.062
UW,14.062
HI,11.75
LM,17.265
BG,4.875
MB,17.735
EP,8.594
EP,21.437
VO,10.812
VO,10.812
BN,7.859
HW,8.078
HW,8.078
FV,15.578
FV,15.578
BN,4.922
FX,8.625
FX,16.86
ML,8.0
ML,18.0
JI,15.078
JI,25.39
SE,11.25
SE,11.25
VH,11.704
RM,9.719
DF,20.828
RM,6.609
PF,28.188
FI,18.687
DU,24.203
XU,8.25
TE,18.719
DE,17.031
RE,20.141
LI,10.516
UA,17.297
IW,15.5
LM,8.766
JE,18.203
MB,7.281
LB,32.719
SM,14.172
HD,19.329
FP,12.875
TW,6.031
TW,6.031
BN,7.578
HR,11.562
EO,9.14
EP,14.313
LV,13.906
JE,19.031
WK,14.672
PV,10.954
QS,8.734
QS,8.734
KU,18.687
JR,19.938
RE,23.235
WA,14.485
TM,15.438
UW,11.625
IK,19.703
KD,10.625
HM,14.312
IS,14.985
BP,7.906
IP,17.75
PL,16.156
PL,16.156
MR,22.578
FM,9.828
IG,10.391
IG,18.266
JI,31.453
US,27.938
JM,8.891
JM,16.844
XF,11.172
IS,15.297
IS,30.859
IS,30.859
IS,30.859
LI,9.359
LI,9.359
LI,9.359
MB,14.985
BI,12.468
QS,6.5
XP,9.031
XP,26.609
DH,20.907
DH,20.907
DH,20.907
BP,8.796
BP,15.531
UR,9.078
BN,5.875
IG,9.093
DS,4.938
EM,7.656
EM,7.656
PB,5.469
TM,12.407
FU,6.922
NF,7.703
HG,5.562
OV,11.562
AS,6.297
IH,9.328
JM,5.5
EJ,14.953
SQ,5.313
FU,5.984
FX,9.687
VJ,8.797
UR,6.641
BV,5.078
NJ,13.203
UF,6.469
VF,7.359
BA,6.516
AV,7.141
XK,6.234
FP,14.093
MI,10.25
MI,10.25
MI,10.25
TD,15.828
XU,8.813
XU,8.813
XU,8.813
BI,8.828
JR,7.953
JR,13.891
IU,8.094
IU,10.344
NI,12.359
NV,9.297
UG,8.219
XN,11.203
FI,15.266
FN,10.516
JH,11.656
JH,11.656
JH,11.656
PO,5.047
PO,5.047
PO,5.047
FJ,7.953
NV,8.625
NV,8.625
NV,8.625
NB,6.406
VI,7.813
RV,8.25
PX,8.14
PX,8.14
WU,47.421
WU,47.421
IF,14.719
IF,16.407
IJ,16.688
OU,7.922
PV,8.391
PV,8.391
PV,8.391
BU,21.672
ME,7.063
ME,7.063
ME,7.063
ME,11.063
SN,11.766
SN,11.766
SN,11.766
HM,7.703
FI,9.313
GO,6.062
UB,9.438
WD,7.547
HS,7.656
IN,17.657
IN,19.735
IM,9.109
IM,9.109
IM,9.109
JD,8.25
HD,6.562
XI,6.766
XV,8.109
XV,8.109
XV,8.109
PN,5.594
WS,13.328
OE,11.203
DH,7.547
FI,8.625
NG,7.109
NG,9.156
IU,6.641
BI,11.922
OL,8.781
NB,5.266
NB,7.188
MR,8.969
MR,13.453
MR,13.453
MR,13.453
HE,6.562
NF,14.204
PM,5.015
UJ,4.89
MJ,0.203
IQ,0.203
EI,10.203
EI,36.89
PJ,10.609
IE,8.125
PS,7.641
TM,11.375
NX,7.515
NX,7.515
NX,7.515
NX,7.515
NX,7.515
AW,11.406
DU,17.828
UV,9.484
UV,9.484
UV,9.484
ML,22.391
ML,22.391
DI,11.593
DI,11.593
DI,11.593
US,32.516
KW,10.25
OE,6.875
IU,7.844
NU,8.547
AU,12.578
NI,12.531
NI,12.531
NI,12.531
NI,12.531
NI,12.531
IL,10.031
IL,10.031
IL,10.031
WA,10.469
WA,10.469
WA,10.469
NI,6.625
EA,6.875
OD,4.39
OD,4.39
OD,4.39
OD,4.39
QG,4.015
QG,4.015
VU,5.656
VU,5.656
VU,5.656
NL,14.032
NL,14.032
NL,14.032
NS,6.218
TM,9.828
RU,6.656
RU,6.656
NQ,4.313
VP,12.641
TO,5.813
IF,5.813
SX,6.813
SX,6.813
SX,6.813
SX,19.375
TO,5.469
PO,4.735
VE,7.89
TX,6.625
IA,15.11
BU,21.187
BU,28.047
LE,19.579
LE,19.579
LE,19.579
LE,19.579
ES,7.844
US,30.031
QB,7.985
XA,7.078
MG,7.453
BW,6.625
BW,8.531
RL,8.906
AB,7.547
PF,23.594
PF,23.594
PF,23.594
MF,11.125
MF,11.125
MF,11.125
PR,5.016
SF,6.031
FP,8.484
DF,8.734
UA,9.828
XG,10.031
JM,7.781
UX,11.344
WF,10.078
WF,10.078
WF,10.078
WF,14.14
SL,9.578
BF,6.281
BF,6.281
BF,6.281
OK,6.813
NJ,15.25
VM,7.625
LV,9.375
EI,24.579
XB,5.547
XB,5.547
XB,5.547
JI,14.922
TD,6.609
HI,11.297
MD,6.641
WA,8.109
IM,11.969
FX,9.093
KN,5.75
NH,11.688
MF,11.078
MF,11.078
MF,11.078
MF,11.078
MF,11.078
PF,7.671
DU,12.359
VX,9.282
MT,11.094
IR,31.89
UA,10.578
TE,6.969
RP,4.563
EP,10.312
IW,12.437
IW,12.437
IW,12.437
IW,12.437
IW,12.437
IW,12.437
MN,5.156
MN,7.281
LM,20.766
LM,29.813
LM,29.813
LM,29.813
UO,28.25
VB,5.125
VB,8.984
DF,11.016
TR,7.782
JS,6.156
DH,7.547
PT,6.515
HV,13.422
IP,8.359
GS,5.344
GS,5.344
GS,5.344
EB,23.937
FJ,8.922
LA,6.266
LA,6.266
LA,6.266
DE,13.0
IW,7.719
EP,6.594
VU,6.735
UJ,6.234
NP,9.031
JB,6.25
JB,6.25
JB,6.25
XI,6.921
FP,7.375
AS,7.281
RM,20.625
AQ,8.812
PI,8.25
HB,7.156
NI,9.079
FP,8.703
FP,8.703
FP,8.703
FP,8.703
MR,9.625
PD,7.297
PD,7.297
PD,7.297
QH,4.562
HV,7.859
HT,18.563
HT,18.563
HT,18.563
SN,6.515
NR,8.172
NR,8.172
NR,11.156
TU,7.109
FV,10.61
WF,5.563
WF,5.563
WF,5.563
WF,5.563
MI,8.265
MI,8.265
MI,8.265
EB,10.094
IJ,11.89
IJ,11.89
IJ,11.89
QA,7.188
TF,9.532
TF,9.532
TF,9.532
SH,5.843
SH,5.843
SH,5.843
XR,6.016
NH,8.36
GN,7.812
IB,17.922
MQ,4.64
HL,8.547
NS,5.641
LM,13.344
LM,13.344
LM,13.344
LM,13.344
DM,5.25
BK,5.047
BK,5.047
BK,5.047
HP,8.219
ML,10.672
PG,6.031
MB,14.656
KV,6.188
KV,6.188
KV,6.188
XP,8.234
UD,13.063
MN,5.781
DU,7.953
DU,7.953
DU,7.953
DU,7.953
RE,17.953
RE,17.953
RE,17.953
AR,6.156
DV,8.141
LE,18.641
IB,10.219
XU,8.671
KR,5.515
UP,12.844
JE,25.641
XE,6.032
NE,8.437
JR,6.75
NG,5.141
FL,12.016
JD,10.469
BR,9.61
HL,9.016
PF,7.047
JL,18.594
JL,28.469
OE,6.125
OE,6.125
OE,6.125
HU,12.391
PJ,14.578
JL,6.765
JL,7.625
AN,4.719
RV,5.797
FB,7.875
UI,5.968
PL,14.797
PL,38.828
EL,16.734
WU,9.469
GT,4.406
PN,5.688
AM,6.031
RX,6.922
FJ,6.688
FJ,6.688
FJ,6.688
FJ,6.688
FJ,6.688
ES,5.5
NG,5.484
